Employee ID,Department,Job Role,Job Level,Location,Employment Type,Joining Date,Tenure Band,Age Band,Gender Category,Other Demographic Category,Salary Band,Annual Compensation,Performance Rating,Promotion Status,Promotion Eligibility,Leadership Position,Training Hours,Engagement Score,Inclusion Score,Belonging Score,Manager Support Score,Recognition Count,Internal Mobility,Attrition Status,Attrition Type,Exit Reason,Hiring Source,Review Period
EMP00001,Sales,Sales Executive,Mid-Level,Guwahati,Contract,2022-01-31,3-5 Years,35-44,Men,Standard,5L-10L,957382.38,3,Not Promoted,Eligible,No,46,79,85,67,83,1,Lateral Move,Active,None,None,Professional Network,2025-Q4
EMP00002,Customer Success,Customer Success Manager,Mid-Level,Guwahati,Full-time,2019-05-03,5-10 Years,25-34,Men,Standard,5L-10L,841801.38,3,Promoted,Eligible,No,11,73,93,71,77,1,Lateral Move,Active,None,None,Job Portal,2026-Q1
EMP00003,Customer Success,Customer Success Manager,Senior,Delhi NCR,Full-time,2024-01-14,1-3 Years,45-54,Women,Standard,10L-15L,1380530.38,3,Not Promoted,Eligible,No,20,77,98,73,64,0,None,Active,None,None,Employee Referral,2026-Q3
EMP00004,Operations,Operations Analyst,Senior,Hyderabad,Full-time,2020-09-28,5-10 Years,25-34,Men,Standard,10L-15L,1487614.2,4,Promoted,Eligible,No,38,64,63,53,86,3,Promotion,Active,None,None,Agency,2025-Q4
EMP00005,Operations,Operations Analyst,Manager,Pune,Full-time,2025-10-08,0-1 Years,35-44,Prefer Not to Say,Not Collected,15L-25L,2145138.52,4,Not Promoted,Not Eligible,Yes,48,74,87,71,69,3,Promotion,Active,None,None,Professional Network,2026-Q3
EMP00006,Sales,Sales Executive,Mid-Level,Kolkata,Full-time,2019-11-19,5-10 Years,45-54,Men,Standard,5L-10L,945250.8,3,Not Promoted,Eligible,No,27,90,87,84,94,3,Promotion,Active,None,None,Professional Network,2025-Q4
EMP00007,Engineering,Software Engineer,Entry Level,Delhi NCR,Full-time,2022-03-31,3-5 Years,25-34,Men,Standard,5L-10L,507538.06,4,Not Promoted,Not Eligible,No,21,71,58,63,85,1,None,Active,None,None,Job Portal,2026-Q3
EMP00008,HR,HR Analyst,Manager,Chennai,Full-time,2026-02-16,0-1 Years,45-54,Women,Standard,15L-25L,2224442.78,4,Not Promoted,Not Eligible,Yes,40,74,74,82,73,3,Promotion,Active,None,None,Campus,2026-Q1
EMP00009,HR,HR Analyst,Mid-Level,Bengaluru,Full-time,2025-10-31,0-1 Years,18-24,Women,Standard,10L-15L,1004676.78,3,Not Promoted,Not Eligible,No,30,68,51,61,93,4,Lateral Move,Active,None,None,Employee Referral,2026-Q1
EMP00010,IT,IT Support Specialist,Entry Level,Kolkata,Full-time,2022-01-10,3-5 Years,25-34,Men,Standard,5L-10L,568887.44,3,Not Promoted,Not Eligible,No,13,81,89,83,86,4,Lateral Move,Active,None,None,Job Portal,2026-Q1
EMP00011,Engineering,Software Engineer,Manager,Pune,Full-time,2023-07-02,3-5 Years,18-24,Women,Standard,15L-25L,2299941.54,4,Not Promoted,Eligible,Yes,38,68,73,82,62,4,Lateral Move,Active,None,None,Company Website,2026-Q2
EMP00012,Finance,Financial Analyst,Senior Manager,Chennai,Part-time,2023-06-09,3-5 Years,35-44,Women,Standard,25L+,2821326.9,4,Not Promoted,Eligible,Yes,53,75,58,76,80,7,Department Transfer,Active,None,None,Employee Referral,2026-Q1
EMP00013,HR,HR Analyst,Junior,Kolkata,Part-time,2025-07-18,1-3 Years,18-24,Men,Standard,5L-10L,692908.98,3,Not Promoted,Eligible,No,50,79,81,58,84,3,Lateral Move,Active,None,None,Employee Referral,2026-Q3
EMP00014,Sales,Sales Executive,Senior,Guwahati,Full-time,2020-03-25,5-10 Years,25-34,Women,Standard,10L-15L,1490148.84,3,Not Promoted,Eligible,No,18,81,75,78,80,4,Lateral Move,Active,None,None,Agency,2025-Q4
EMP00015,Customer Success,Customer Success Manager,Senior,Kolkata,Full-time,2025-09-06,1-3 Years,35-44,Women,Standard,10L-15L,1432072.78,4,Not Promoted,Eligible,No,22,76,85,87,72,4,Promotion,Active,None,None,Job Portal,2025-Q4
EMP00016,HR,HR Analyst,Senior,Pune,Contract,2020-04-01,5-10 Years,25-34,Women,Standard,10L-15L,1462127.38,4,Not Promoted,Eligible,No,34,73,88,87,60,11,Lateral Move,Active,None,None,Professional Network,2026-Q2
EMP00017,Marketing,Marketing Specialist,Mid-Level,Bengaluru,Full-time,2026-01-05,0-1 Years,18-24,Men,Standard,10L-15L,1132824.78,2,Not Promoted,Not Eligible,No,36,67,56,67,90,3,Promotion,Active,None,None,Company Website,2026-Q1
EMP00018,Marketing,Marketing Specialist,Entry Level,Pune,Full-time,2020-10-23,5-10 Years,35-44,Men,Standard,Below 5L,480513.7,2,Not Promoted,Not Eligible,No,30,72,68,85,67,0,None,Active,None,None,Agency,2025-Q4
EMP00019,Sales,Sales Executive,Leadership,Pune,Full-time,2022-06-13,3-5 Years,25-34,Men,Standard,25L+,4457381.56,3,Not Promoted,Not Eligible,Yes,41,75,58,86,92,5,Lateral Move,Exited,Involuntary,Performance,Job Portal,2026-Q3
EMP00020,Sales,Sales Executive,Senior,Mumbai,Full-time,2020-06-09,5-10 Years,18-24,Women,Standard,10L-15L,1307055.32,3,Not Promoted,Eligible,No,50,65,75,61,61,4,Lateral Move,Active,None,None,Company Website,2026-Q3
EMP00021,Finance,Financial Analyst,Mid-Level,Delhi NCR,Full-time,2022-06-30,3-5 Years,45-54,Men,Standard,5L-10L,905939.1,4,Not Promoted,Eligible,No,30,72,68,74,72,7,Promotion,Active,None,None,Company Website,2026-Q3
EMP00022,Sales,Sales Executive,Entry Level,Delhi NCR,Full-time,2021-07-09,5-10 Years,18-24,Men,Standard,Below 5L,447506.74,3,Not Promoted,Not Eligible,No,38,78,80,64,87,3,None,Active,None,None,Company Website,2026-Q1
EMP00023,Finance,Financial Analyst,Senior,Guwahati,Full-time,2019-10-18,5-10 Years,25-34,Prefer Not to Say,Not Collected,15L-25L,1583700.42,3,Not Promoted,Eligible,No,34,75,73,71,90,4,None,Active,None,None,Job Portal,2026-Q2
EMP00024,Sales,Sales Executive,Senior Manager,Delhi NCR,Full-time,2022-02-14,3-5 Years,45-54,Women,Standard,25L+,3096330.62,3,Not Promoted,Eligible,Yes,30,78,100,87,55,5,Lateral Move,Active,None,None,Professional Network,2026-Q3
EMP00025,Finance,Financial Analyst,Mid-Level,Chennai,Full-time,2023-07-26,3-5 Years,25-34,Men,Standard,5L-10L,952223.42,4,Promoted,Eligible,No,35,85,92,68,79,3,None,Active,None,None,Campus,2026-Q3
EMP00026,Customer Success,Customer Success Manager,Senior Manager,Chennai,Contract,2019-08-10,5-10 Years,25-34,Men,Standard,25L+,2787726.4,2,Not Promoted,Eligible,Yes,56,71,74,73,68,1,None,Exited,Voluntary,Career Growth,Employee Referral,2026-Q1
EMP00027,Finance,Financial Analyst,Senior,Chennai,Full-time,2020-07-28,5-10 Years,55+,Men,Standard,10L-15L,1289132.3,3,Not Promoted,Eligible,No,23,81,81,74,88,2,Promotion,Active,None,None,Job Portal,2026-Q3
EMP00028,Sales,Sales Executive,Senior,Guwahati,Full-time,2026-04-25,0-1 Years,35-44,Men,Standard,10L-15L,1499365.82,4,Not Promoted,Not Eligible,No,30,73,100,63,66,3,None,Active,None,None,Employee Referral,2026-Q1
EMP00029,Customer Success,Customer Success Manager,Leadership,Chennai,Contract,2024-05-25,1-3 Years,25-34,Men,Standard,25L+,5013215.84,3,Not Promoted,Not Eligible,Yes,27,78,83,56,98,2,Lateral Move,Active,None,None,Job Portal,2026-Q1
EMP00030,Customer Success,Customer Success Manager,Manager,Guwahati,Contract,2023-05-19,3-5 Years,35-44,Women,Standard,15L-25L,2026147.32,4,Not Promoted,Eligible,Yes,36,63,81,77,47,1,Department Transfer,Active,None,None,Professional Network,2026-Q3
EMP00031,Marketing,Marketing Specialist,Manager,Delhi NCR,Full-time,2022-04-30,3-5 Years,55+,Prefer Not to Say,Not Collected,15L-25L,2273733.74,4,Promoted,Eligible,Yes,34,66,58,56,83,3,None,Active,None,None,Company Website,2025-Q4
EMP00032,Operations,Operations Analyst,Manager,Guwahati,Full-time,2019-07-25,5-10 Years,35-44,Men,Standard,15L-25L,2346858.34,4,Not Promoted,Eligible,Yes,39,80,65,70,94,2,Lateral Move,Exited,Voluntary,Compensation,Job Portal,2025-Q4
EMP00033,Finance,Financial Analyst,Mid-Level,Kolkata,Full-time,2020-05-06,5-10 Years,25-34,Women,Standard,5L-10L,954955.12,4,Not Promoted,Eligible,No,46,78,76,95,60,5,Lateral Move,Active,None,None,Job Portal,2025-Q4
EMP00034,Customer Success,Customer Success Manager,Mid-Level,Pune,Full-time,2021-12-04,3-5 Years,25-34,Men,Standard,5L-10L,971248.56,4,Promoted,Eligible,No,16,73,69,60,76,2,Promotion,Active,None,None,Agency,2026-Q1
EMP00035,HR,HR Analyst,Entry Level,Chennai,Full-time,2022-07-19,3-5 Years,25-34,Women,Standard,Below 5L,415592.46,3,Not Promoted,Not Eligible,No,28,65,48,72,77,2,None,Exited,Voluntary,Personal Reasons,Job Portal,2025-Q4
EMP00036,Finance,Financial Analyst,Manager,Hyderabad,Full-time,2020-06-26,5-10 Years,25-34,Women,Standard,15L-25L,2034579.6,3,Not Promoted,Eligible,Yes,10,80,59,91,96,0,None,Active,None,None,Campus,2026-Q2
EMP00037,Marketing,Marketing Specialist,Junior,Chennai,Full-time,2025-02-03,1-3 Years,25-34,Men,Standard,5L-10L,630695.84,4,Not Promoted,Eligible,No,46,53,46,63,66,1,None,Active,None,None,Company Website,2026-Q2
EMP00038,Sales,Sales Executive,Mid-Level,Mumbai,Full-time,2021-12-19,3-5 Years,35-44,Men,Standard,5L-10L,928457.04,4,Promoted,Eligible,No,35,84,65,73,100,3,None,Active,None,None,Employee Referral,2026-Q2
EMP00039,HR,HR Analyst,Mid-Level,Delhi NCR,Full-time,2022-11-05,3-5 Years,25-34,Men,Standard,5L-10L,975405.7,4,Promoted,Eligible,No,23,70,73,68,69,2,Promotion,Active,None,None,Campus,2025-Q4
EMP00040,Sales,Sales Executive,Mid-Level,Kolkata,Contract,2022-02-07,3-5 Years,25-34,Women,Standard,5L-10L,916301.86,3,Promoted,Eligible,No,37,77,82,61,78,3,Promotion,Active,None,None,Professional Network,2026-Q2
EMP00041,Marketing,Marketing Specialist,Mid-Level,Chennai,Full-time,2025-03-09,1-3 Years,25-34,Men,Standard,5L-10L,991377,3,Not Promoted,Eligible,No,35,59,56,73,62,1,None,Active,None,None,Professional Network,2026-Q1
EMP00042,Engineering,Software Engineer,Entry Level,Pune,Contract,2025-07-13,1-3 Years,35-44,Women,Standard,Below 5L,456873.58,4,Not Promoted,Not Eligible,No,14,69,82,92,47,5,Lateral Move,Active,None,None,Job Portal,2026-Q2
EMP00043,Operations,Operations Analyst,Senior Manager,Guwahati,Full-time,2023-01-05,3-5 Years,35-44,Women,Standard,25L+,3143629.74,4,Promoted,Eligible,Yes,42,68,73,67,71,4,Lateral Move,Active,None,None,Campus,2026-Q3
EMP00044,Marketing,Marketing Specialist,Manager,Delhi NCR,Full-time,2020-10-27,5-10 Years,25-34,Women,Standard,15L-25L,2195454.9,4,Not Promoted,Eligible,Yes,27,73,59,74,74,5,Lateral Move,Active,None,None,Job Portal,2026-Q1
EMP00045,Operations,Operations Analyst,Mid-Level,Kolkata,Full-time,2026-07-06,0-1 Years,35-44,Men,Standard,10L-15L,1039987.1,4,Not Promoted,Not Eligible,No,22,71,80,59,67,2,Lateral Move,Active,None,None,Professional Network,2025-Q4
EMP00046,Customer Success,Customer Success Manager,Mid-Level,Guwahati,Full-time,2024-04-11,1-3 Years,45-54,Women,Standard,5L-10L,996466.34,3,Not Promoted,Eligible,No,16,73,70,78,86,4,Department Transfer,Active,None,None,Employee Referral,2026-Q1
EMP00047,Engineering,Software Engineer,Mid-Level,Delhi NCR,Full-time,2023-06-21,3-5 Years,35-44,Men,Standard,5L-10L,912180.12,2,Not Promoted,Eligible,No,30,92,100,71,77,6,None,Active,None,None,Campus,2026-Q2
EMP00048,Customer Success,Customer Success Manager,Mid-Level,Pune,Full-time,2019-04-24,5-10 Years,45-54,Men,Standard,10L-15L,1066108.76,3,Not Promoted,Eligible,No,26,80,76,88,56,1,Promotion,Active,None,None,Campus,2025-Q4
EMP00049,Sales,Sales Executive,Manager,Kolkata,Full-time,2022-11-16,3-5 Years,25-34,Women,Standard,15L-25L,2178322.48,4,Not Promoted,Eligible,Yes,22,75,62,69,97,2,Promotion,Active,None,None,Company Website,2025-Q4
EMP00050,Customer Success,Customer Success Manager,Mid-Level,Delhi NCR,Contract,2021-11-09,3-5 Years,35-44,Women,Standard,5L-10L,882697.82,3,Promoted,Eligible,No,34,72,66,71,77,1,Department Transfer,Exited,Involuntary,Role Redundancy,Campus,2026-Q3
EMP00051,Sales,Sales Executive,Senior,Pune,Full-time,2025-12-27,0-1 Years,25-34,Men,Standard,15L-25L,1723479.68,3,Not Promoted,Not Eligible,No,44,43,44,46,62,2,Promotion,Active,None,None,Job Portal,2026-Q2
EMP00052,HR,HR Analyst,Senior,Kolkata,Full-time,2022-08-29,3-5 Years,25-34,Women,Standard,10L-15L,1361366,4,Not Promoted,Eligible,No,43,73,84,59,70,2,Promotion,Active,None,None,Employee Referral,2026-Q3
EMP00053,Customer Success,Customer Success Manager,Junior,Mumbai,Full-time,2025-11-26,0-1 Years,45-54,Men,Standard,5L-10L,759446.82,3,Not Promoted,Not Eligible,No,20,63,64,52,98,4,Promotion,Active,None,None,Job Portal,2026-Q2
EMP00054,HR,HR Analyst,Senior,Delhi NCR,Full-time,2023-10-27,1-3 Years,25-34,Men,Standard,15L-25L,1511049,4,Not Promoted,Eligible,No,26,80,69,79,76,3,Promotion,Active,None,None,Agency,2026-Q1
EMP00055,IT,IT Support Specialist,Junior,Mumbai,Full-time,2026-05-22,0-1 Years,25-34,Men,Standard,5L-10L,686900.42,3,Not Promoted,Not Eligible,No,28,62,80,66,67,0,None,Active,None,None,Professional Network,2026-Q2
EMP00056,Sales,Sales Executive,Mid-Level,Delhi NCR,Full-time,2026-07-18,0-1 Years,25-34,Men,Standard,10L-15L,1011486.56,5,Not Promoted,Not Eligible,No,46,76,63,80,75,2,Promotion,Active,None,None,Employee Referral,2026-Q1
EMP00057,Engineering,Software Engineer,Junior,Guwahati,Full-time,2021-09-29,3-5 Years,35-44,Women,Standard,5L-10L,648433.6,3,Not Promoted,Eligible,No,16,66,59,61,89,5,None,Active,None,None,Professional Network,2026-Q1
EMP00058,Customer Success,Customer Success Manager,Mid-Level,Chennai,Full-time,2023-06-25,3-5 Years,35-44,Women,Standard,5L-10L,981898.06,3,Not Promoted,Eligible,No,49,80,68,97,85,4,None,Active,None,None,Job Portal,2026-Q3
EMP00059,Finance,Financial Analyst,Entry Level,Mumbai,Contract,2024-10-22,1-3 Years,55+,Women,Standard,Below 5L,420104.78,3,Not Promoted,Not Eligible,No,40,83,77,84,84,4,Department Transfer,Exited,Voluntary,Career Growth,Agency,2026-Q1
EMP00060,IT,IT Support Specialist,Junior,Pune,Full-time,2023-12-18,1-3 Years,18-24,Men,Standard,5L-10L,688710.54,3,Not Promoted,Eligible,No,40,78,75,82,77,2,Department Transfer,Active,None,None,Company Website,2026-Q3
EMP00061,Marketing,Marketing Specialist,Senior,Chennai,Full-time,2024-01-18,1-3 Years,18-24,Women,Standard,10L-15L,1332736.84,4,Not Promoted,Eligible,No,24,73,77,79,53,5,Lateral Move,Active,None,None,Campus,2026-Q3
EMP00062,Finance,Financial Analyst,Manager,Hyderabad,Contract,2023-12-07,1-3 Years,35-44,Women,Standard,15L-25L,2071472.3,3,Promoted,Eligible,Yes,8,65,89,78,56,2,Promotion,Active,None,None,Campus,2026-Q2
EMP00063,Sales,Sales Executive,Mid-Level,Mumbai,Full-time,2020-09-09,5-10 Years,25-34,Women,Standard,5L-10L,971111.68,4,Not Promoted,Eligible,No,46,75,64,86,74,5,Lateral Move,Active,None,None,Job Portal,2026-Q3
EMP00064,Customer Success,Customer Success Manager,Senior,Pune,Full-time,2025-01-31,1-3 Years,25-34,Women,Standard,10L-15L,1498766.38,3,Not Promoted,Eligible,No,21,80,68,89,94,3,None,Active,None,None,Agency,2026-Q3
EMP00065,Engineering,Software Engineer,Junior,Kolkata,Full-time,2024-05-07,1-3 Years,35-44,Men,Standard,5L-10L,648371.06,3,Promoted,Eligible,No,31,80,80,82,100,1,Promotion,Active,None,None,Agency,2026-Q3
EMP00066,Finance,Financial Analyst,Senior,Chennai,Full-time,2021-06-17,5-10 Years,25-34,Women,Standard,10L-15L,1366437.64,3,Not Promoted,Eligible,No,30,85,75,89,100,4,Department Transfer,Exited,Voluntary,Manager Relationship,Agency,2026-Q1
EMP00067,IT,IT Support Specialist,Manager,Mumbai,Full-time,2025-12-23,0-1 Years,45-54,Men,Standard,15L-25L,2120839.96,4,Not Promoted,Not Eligible,Yes,44,89,88,87,95,4,None,Active,None,None,Company Website,2025-Q4
EMP00068,Sales,Sales Executive,Mid-Level,Kolkata,Full-time,2020-07-09,5-10 Years,35-44,Women,Standard,5L-10L,983598.44,4,Not Promoted,Eligible,No,43,74,78,74,60,4,Lateral Move,Exited,Voluntary,Compensation,Agency,2026-Q2
EMP00069,Operations,Operations Analyst,Mid-Level,Kolkata,Contract,2022-02-13,3-5 Years,35-44,Women,Standard,5L-10L,985583.2,4,Not Promoted,Eligible,No,25,74,71,69,79,3,Department Transfer,Active,None,None,Job Portal,2026-Q3
EMP00070,Engineering,Software Engineer,Entry Level,Guwahati,Full-time,2022-12-04,3-5 Years,25-34,Women,Standard,Below 5L,451318.14,4,Not Promoted,Not Eligible,No,40,60,55,68,62,3,Lateral Move,Active,None,None,Professional Network,2025-Q4
EMP00071,Engineering,Software Engineer,Senior,Delhi NCR,Full-time,2021-03-27,5-10 Years,55+,Women,Standard,10L-15L,1421442.16,3,Not Promoted,Eligible,No,26,72,83,58,96,4,Lateral Move,Active,None,None,Agency,2025-Q4
EMP00072,Finance,Financial Analyst,Manager,Chennai,Full-time,2021-11-15,3-5 Years,25-34,Prefer Not to Say,Not Collected,15L-25L,2263758.02,4,Not Promoted,Eligible,Yes,43,88,84,79,84,1,Lateral Move,Active,None,None,Professional Network,2025-Q4
EMP00073,Marketing,Marketing Specialist,Senior Manager,Hyderabad,Full-time,2020-03-18,5-10 Years,25-34,Men,Standard,25L+,2744672.92,5,Not Promoted,Eligible,Yes,37,66,60,75,68,4,Promotion,Active,None,None,Agency,2026-Q3
EMP00074,Finance,Financial Analyst,Mid-Level,Bengaluru,Full-time,2025-08-22,1-3 Years,35-44,Women,Standard,5L-10L,926131.26,4,Not Promoted,Eligible,No,33,69,75,66,73,5,Lateral Move,Active,None,None,Campus,2025-Q4
EMP00075,Engineering,Software Engineer,Entry Level,Pune,Full-time,2024-12-22,1-3 Years,18-24,Men,Standard,Below 5L,461411.86,3,Not Promoted,Not Eligible,No,25,70,67,76,64,3,Department Transfer,Active,None,None,Job Portal,2026-Q2
EMP00076,Engineering,Software Engineer,Senior,Kolkata,Full-time,2024-06-30,1-3 Years,18-24,Men,Standard,10L-15L,1359124,5,Promoted,Eligible,No,32,82,80,82,70,5,Promotion,Active,None,None,Agency,2026-Q1
EMP00077,Customer Success,Customer Success Manager,Senior,Mumbai,Full-time,2024-11-07,1-3 Years,18-24,Men,Standard,10L-15L,1333916.84,3,Not Promoted,Eligible,No,35,85,89,100,75,5,Promotion,Active,None,None,Company Website,2026-Q3
EMP00078,IT,IT Support Specialist,Entry Level,Kolkata,Full-time,2025-08-23,1-3 Years,45-54,Men,Standard,Below 5L,480322.54,4,Not Promoted,Not Eligible,No,38,67,53,62,58,6,Promotion,Active,None,None,Employee Referral,2025-Q4
EMP00079,HR,HR Analyst,Senior Manager,Chennai,Full-time,2021-09-25,5-10 Years,35-44,Men,Standard,25L+,2755669.34,4,Not Promoted,Eligible,Yes,43,70,81,66,68,4,Department Transfer,Active,None,None,Agency,2026-Q2
EMP00080,Marketing,Marketing Specialist,Mid-Level,Chennai,Full-time,2021-05-18,5-10 Years,25-34,Men,Standard,10L-15L,1046628.14,4,Not Promoted,Eligible,No,26,73,85,57,90,3,Promotion,Active,None,None,Company Website,2026-Q2
EMP00081,Engineering,Software Engineer,Entry Level,Delhi NCR,Full-time,2019-12-17,5-10 Years,25-34,Men,Standard,Below 5L,461802.44,4,Not Promoted,Not Eligible,No,35,72,59,63,83,1,Lateral Move,Active,None,None,Agency,2026-Q1
EMP00082,IT,IT Support Specialist,Mid-Level,Chennai,Full-time,2024-01-10,1-3 Years,35-44,Men,Standard,10L-15L,1057648.16,3,Not Promoted,Eligible,No,32,68,72,66,77,1,None,Active,None,None,Agency,2026-Q1
EMP00083,HR,HR Analyst,Entry Level,Pune,Full-time,2024-04-22,1-3 Years,25-34,Men,Standard,Below 5L,448841.32,4,Not Promoted,Not Eligible,No,29,76,81,72,90,3,Promotion,Active,None,None,Professional Network,2026-Q2
EMP00084,Operations,Operations Analyst,Senior,Chennai,Contract,2022-01-14,3-5 Years,35-44,Women,Standard,15L-25L,1515187.26,4,Not Promoted,Eligible,No,26,83,82,62,76,3,Lateral Move,Active,None,None,Employee Referral,2026-Q2
EMP00085,Sales,Sales Executive,Senior Manager,Mumbai,Full-time,2021-02-23,5-10 Years,25-34,Men,Standard,25L+,2655284.38,5,Promoted,Eligible,Yes,28,83,81,87,73,7,Department Transfer,Active,None,None,Company Website,2026-Q2
EMP00086,Sales,Sales Executive,Mid-Level,Delhi NCR,Full-time,2022-04-28,3-5 Years,25-34,Women,Standard,10L-15L,1017235.52,3,Not Promoted,Eligible,No,8,70,65,94,58,2,Lateral Move,Active,None,None,Professional Network,2026-Q1
EMP00087,HR,HR Analyst,Senior,Guwahati,Full-time,2019-08-12,5-10 Years,25-34,Men,Standard,15L-25L,1551694.1,3,Not Promoted,Eligible,No,0,74,100,55,57,7,Lateral Move,Active,None,None,Agency,2025-Q4
EMP00088,Engineering,Software Engineer,Junior,Hyderabad,Contract,2024-04-06,1-3 Years,45-54,Women,Standard,5L-10L,692324.88,3,Not Promoted,Eligible,No,24,58,55,72,65,5,Promotion,Active,None,None,Job Portal,2026-Q2
EMP00089,IT,IT Support Specialist,Mid-Level,Bengaluru,Full-time,2019-09-25,5-10 Years,35-44,Women,Standard,5L-10L,980752.28,3,Not Promoted,Eligible,No,20,73,79,53,82,4,None,Active,None,None,Professional Network,2025-Q4
EMP00090,Marketing,Marketing Specialist,Senior,Mumbai,Full-time,2025-04-24,1-3 Years,25-34,Men,Standard,10L-15L,1460557.98,4,Not Promoted,Eligible,No,12,81,89,70,73,4,None,Active,None,None,Job Portal,2026-Q3
EMP00091,Finance,Financial Analyst,Senior,Kolkata,Full-time,2024-01-20,1-3 Years,25-34,Men,Standard,10L-15L,1317040.48,4,Not Promoted,Eligible,No,35,81,80,71,75,0,Promotion,Active,None,None,Agency,2026-Q2
EMP00092,Engineering,Software Engineer,Mid-Level,Bengaluru,Full-time,2021-05-01,5-10 Years,35-44,Women,Standard,10L-15L,1085243.64,4,Not Promoted,Eligible,No,27,57,80,63,59,4,Promotion,Active,None,None,Employee Referral,2026-Q1
EMP00093,Marketing,Marketing Specialist,Senior,Bengaluru,Full-time,2020-10-03,5-10 Years,18-24,Women,Standard,10L-15L,1382581.22,3,Promoted,Eligible,No,20,72,61,74,67,2,Department Transfer,Active,None,None,Agency,2026-Q2
EMP00094,Engineering,Software Engineer,Senior,Delhi NCR,Full-time,2022-03-26,3-5 Years,25-34,Women,Standard,10L-15L,1457239.82,4,Not Promoted,Eligible,No,51,78,72,96,78,3,Department Transfer,Active,None,None,Employee Referral,2026-Q2
EMP00095,Finance,Financial Analyst,Mid-Level,Kolkata,Full-time,2020-04-15,5-10 Years,35-44,Men,Standard,10L-15L,1063947,3,Not Promoted,Eligible,No,21,70,59,74,86,3,Lateral Move,Active,None,None,Employee Referral,2025-Q4
EMP00096,Engineering,Software Engineer,Manager,Mumbai,Full-time,2022-06-13,3-5 Years,18-24,Men,Standard,15L-25L,2114790.1,3,Not Promoted,Eligible,Yes,27,75,69,70,78,3,Promotion,Active,None,None,Agency,2026-Q2
EMP00097,Customer Success,Customer Success Manager,Mid-Level,Hyderabad,Contract,2024-08-11,1-3 Years,55+,Men,Standard,5L-10L,947009,4,Not Promoted,Eligible,No,22,78,89,81,84,1,Department Transfer,Active,None,None,Job Portal,2026-Q3
EMP00098,Operations,Operations Analyst,Senior,Hyderabad,Full-time,2019-04-16,5-10 Years,35-44,Prefer Not to Say,Not Collected,10L-15L,1407315.2,3,Promoted,Eligible,No,30,82,100,70,69,2,None,Active,None,None,Professional Network,2026-Q2
EMP00099,Engineering,Software Engineer,Mid-Level,Mumbai,Full-time,2024-04-11,1-3 Years,25-34,Women,Standard,5L-10L,977398.72,4,Not Promoted,Eligible,No,27,76,81,74,53,3,Department Transfer,Active,None,None,Employee Referral,2026-Q3
EMP00100,IT,IT Support Specialist,Junior,Bengaluru,Full-time,2024-04-09,1-3 Years,25-34,Men,Standard,5L-10L,738421.58,4,Not Promoted,Eligible,No,23,70,68,70,72,7,Promotion,Active,None,None,Job Portal,2026-Q1
EMP00101,Operations,Operations Analyst,Entry Level,Kolkata,Part-time,2024-07-22,1-3 Years,25-34,Women,Standard,Below 5L,425975.28,2,Not Promoted,Not Eligible,No,34,69,85,66,45,0,Promotion,Active,None,None,Agency,2025-Q4
EMP00102,IT,IT Support Specialist,Entry Level,Bengaluru,Full-time,2022-07-12,3-5 Years,18-24,Women,Standard,Below 5L,440672.18,3,Not Promoted,Not Eligible,No,27,71,52,100,62,3,Promotion,Active,None,None,Agency,2025-Q4
EMP00103,IT,IT Support Specialist,Mid-Level,Kolkata,Full-time,2019-08-11,5-10 Years,45-54,Men,Standard,10L-15L,1052129.3,3,Not Promoted,Eligible,No,8,71,71,72,88,5,Promotion,Active,None,None,Agency,2026-Q3
EMP00104,Engineering,Software Engineer,Senior,Delhi NCR,Full-time,2021-12-29,3-5 Years,18-24,Men,Standard,10L-15L,1452280.28,4,Not Promoted,Eligible,No,22,67,66,90,65,3,Promotion,Active,None,None,Professional Network,2026-Q3
EMP00105,Sales,Sales Executive,Entry Level,Guwahati,Full-time,2026-01-24,0-1 Years,25-34,Men,Standard,Below 5L,495879.66,4,Not Promoted,Not Eligible,No,12,77,69,77,65,3,Lateral Move,Active,None,None,Campus,2025-Q4
EMP00106,Customer Success,Customer Success Manager,Senior,Bengaluru,Full-time,2021-07-09,5-10 Years,25-34,Men,Standard,15L-25L,1640120.94,4,Not Promoted,Eligible,No,25,50,68,57,56,3,None,Active,None,None,Job Portal,2026-Q1
EMP00107,IT,IT Support Specialist,Junior,Hyderabad,Part-time,2024-09-15,1-3 Years,25-34,Men,Standard,5L-10L,693451.78,4,Not Promoted,Eligible,No,38,76,66,89,75,7,Department Transfer,Active,None,None,Agency,2026-Q1
EMP00108,IT,IT Support Specialist,Senior,Mumbai,Full-time,2023-04-21,3-5 Years,25-34,Women,Standard,10L-15L,1436208.68,4,Promoted,Eligible,No,36,80,100,87,54,6,Lateral Move,Active,None,None,Campus,2026-Q3
EMP00109,Operations,Operations Analyst,Entry Level,Hyderabad,Full-time,2019-01-11,5-10 Years,55+,Men,Standard,Below 5L,463777.76,3,Not Promoted,Not Eligible,No,21,87,83,95,81,2,Promotion,Active,None,None,Company Website,2026-Q3
EMP00110,Marketing,Marketing Specialist,Entry Level,Chennai,Full-time,2025-01-15,1-3 Years,35-44,Women,Standard,5L-10L,529221.74,2,Not Promoted,Not Eligible,No,14,56,70,63,67,5,Department Transfer,Active,None,None,Company Website,2026-Q3
EMP00111,IT,IT Support Specialist,Entry Level,Pune,Full-time,2021-02-11,5-10 Years,35-44,Women,Standard,Below 5L,479123.66,3,Not Promoted,Not Eligible,No,54,71,72,75,68,5,Lateral Move,Active,None,None,Employee Referral,2026-Q3
EMP00112,Engineering,Software Engineer,Entry Level,Pune,Full-time,2024-04-21,1-3 Years,35-44,Women,Standard,5L-10L,523620.28,4,Not Promoted,Not Eligible,No,36,61,42,84,71,2,Department Transfer,Active,None,None,Professional Network,2026-Q1
EMP00113,IT,IT Support Specialist,Senior,Guwahati,Full-time,2020-06-01,5-10 Years,45-54,Prefer Not to Say,Not Collected,10L-15L,1334716.88,5,Not Promoted,Eligible,No,42,65,82,71,65,4,Promotion,Active,None,None,Agency,2025-Q4
EMP00114,IT,IT Support Specialist,Entry Level,Guwahati,Full-time,2020-08-13,5-10 Years,25-34,Men,Standard,Below 5L,425803,2,Not Promoted,Not Eligible,No,30,79,88,71,72,3,Department Transfer,Active,None,None,Employee Referral,2025-Q4
EMP00115,IT,IT Support Specialist,Entry Level,Hyderabad,Full-time,2022-10-18,3-5 Years,25-34,Men,Standard,5L-10L,507405.9,4,Not Promoted,Not Eligible,No,32,65,62,79,70,3,Department Transfer,Active,None,None,Campus,2026-Q3
EMP00116,Operations,Operations Analyst,Junior,Chennai,Contract,2025-01-25,1-3 Years,25-34,Women,Standard,5L-10L,634620.52,3,Promoted,Eligible,No,46,67,69,73,78,3,None,Active,None,None,Professional Network,2026-Q2
EMP00117,Finance,Financial Analyst,Senior,Bengaluru,Contract,2023-11-13,1-3 Years,45-54,Men,Standard,10L-15L,1433649.26,3,Not Promoted,Eligible,No,38,66,64,59,83,5,None,Active,None,None,Professional Network,2026-Q2
EMP00118,Engineering,Software Engineer,Junior,Guwahati,Full-time,2022-08-21,3-5 Years,25-34,Men,Standard,5L-10L,651859.14,3,Not Promoted,Eligible,No,29,80,80,97,76,4,Promotion,Active,None,None,Agency,2026-Q1
EMP00119,Finance,Financial Analyst,Mid-Level,Kolkata,Full-time,2025-05-07,1-3 Years,25-34,Men,Standard,5L-10L,974930.16,3,Not Promoted,Eligible,No,25,67,92,65,67,2,Lateral Move,Active,None,None,Job Portal,2026-Q3
EMP00120,Finance,Financial Analyst,Manager,Chennai,Part-time,2025-07-16,1-3 Years,25-34,Men,Standard,15L-25L,2078076.76,4,Promoted,Eligible,Yes,37,77,77,64,78,4,Department Transfer,Active,None,None,Agency,2026-Q2
EMP00121,Engineering,Software Engineer,Manager,Chennai,Contract,2022-03-24,3-5 Years,25-34,Women,Standard,15L-25L,2191546.74,3,Not Promoted,Eligible,Yes,60,87,90,68,92,4,Lateral Move,Active,None,None,Campus,2026-Q2
EMP00122,Customer Success,Customer Success Manager,Senior Manager,Hyderabad,Full-time,2024-02-15,1-3 Years,25-34,Prefer Not to Say,Not Collected,25L+,2798462.04,3,Not Promoted,Eligible,Yes,31,73,81,83,74,2,Lateral Move,Active,None,None,Agency,2025-Q4
EMP00123,Finance,Financial Analyst,Manager,Kolkata,Full-time,2025-05-31,1-3 Years,25-34,Prefer Not to Say,Not Collected,15L-25L,1918743.72,4,Not Promoted,Eligible,Yes,35,94,89,89,100,4,Promotion,Active,None,None,Campus,2025-Q4
EMP00124,Customer Success,Customer Success Manager,Mid-Level,Hyderabad,Full-time,2019-02-03,5-10 Years,25-34,Women,Standard,5L-10L,994437.92,3,Not Promoted,Eligible,No,43,67,74,44,71,3,None,Active,None,None,Professional Network,2026-Q3
EMP00125,HR,HR Analyst,Junior,Delhi NCR,Full-time,2025-10-22,0-1 Years,25-34,Women,Standard,5L-10L,716042.88,4,Not Promoted,Not Eligible,No,9,82,90,72,91,4,Promotion,Active,None,None,Employee Referral,2026-Q2
EMP00126,Marketing,Marketing Specialist,Junior,Bengaluru,Full-time,2026-01-14,0-1 Years,45-54,Women,Standard,5L-10L,688389.58,4,Not Promoted,Not Eligible,No,11,76,77,99,64,1,None,Active,None,None,Agency,2025-Q4
EMP00127,Operations,Operations Analyst,Senior,Mumbai,Contract,2020-01-05,5-10 Years,35-44,Men,Standard,15L-25L,1514154.76,4,Not Promoted,Eligible,No,32,85,73,82,99,2,Promotion,Active,None,None,Employee Referral,2026-Q1
EMP00128,Marketing,Marketing Specialist,Mid-Level,Pune,Contract,2024-12-14,1-3 Years,25-34,Women,Standard,10L-15L,1049257.18,3,Not Promoted,Eligible,No,33,78,70,83,79,1,Promotion,Active,None,None,Campus,2026-Q3
EMP00129,HR,HR Analyst,Leadership,Pune,Full-time,2020-04-16,5-10 Years,45-54,Women,Standard,25L+,4887290.96,3,Not Promoted,Not Eligible,Yes,42,60,70,62,78,1,Department Transfer,Active,None,None,Employee Referral,2026-Q1
EMP00130,Customer Success,Customer Success Manager,Senior,Pune,Full-time,2020-01-05,5-10 Years,35-44,Women,Standard,10L-15L,1413453.56,4,Not Promoted,Eligible,No,38,79,86,76,85,1,None,Active,None,None,Job Portal,2026-Q3
EMP00131,Operations,Operations Analyst,Leadership,Hyderabad,Full-time,2025-07-22,1-3 Years,18-24,Men,Standard,25L+,4752363.86,4,Not Promoted,Not Eligible,Yes,41,99,85,82,100,5,Department Transfer,Active,None,None,Campus,2025-Q4
EMP00132,Finance,Financial Analyst,Senior,Chennai,Full-time,2019-04-13,5-10 Years,25-34,Men,Standard,10L-15L,1325104.6,3,Not Promoted,Eligible,No,28,66,72,42,82,4,Promotion,Active,None,None,Employee Referral,2025-Q4
EMP00133,IT,IT Support Specialist,Junior,Hyderabad,Full-time,2026-04-13,0-1 Years,18-24,Men,Standard,5L-10L,657392.16,3,Not Promoted,Not Eligible,No,11,77,75,54,86,2,Department Transfer,Active,None,None,Job Portal,2025-Q4
EMP00134,HR,HR Analyst,Senior,Chennai,Full-time,2020-04-20,5-10 Years,45-54,Women,Standard,10L-15L,1383029.62,3,Promoted,Eligible,No,25,62,65,77,78,4,Lateral Move,Active,None,None,Campus,2026-Q3
EMP00135,Marketing,Marketing Specialist,Junior,Kolkata,Full-time,2026-05-06,0-1 Years,25-34,Women,Standard,5L-10L,691633.4,4,Not Promoted,Not Eligible,No,9,85,86,67,78,1,None,Active,None,None,Company Website,2026-Q3
EMP00136,HR,HR Analyst,Entry Level,Guwahati,Full-time,2023-02-26,3-5 Years,25-34,Men,Standard,5L-10L,507274.92,3,Not Promoted,Not Eligible,No,16,70,74,74,74,5,Lateral Move,Active,None,None,Employee Referral,2026-Q2
EMP00137,Sales,Sales Executive,Senior,Pune,Contract,2025-02-08,1-3 Years,45-54,Men,Standard,10L-15L,1379253.62,4,Not Promoted,Eligible,No,14,75,77,73,74,3,Promotion,Exited,Voluntary,Career Growth,Agency,2025-Q4
EMP00138,Finance,Financial Analyst,Mid-Level,Guwahati,Full-time,2019-07-27,5-10 Years,45-54,Men,Standard,5L-10L,902761.36,3,Not Promoted,Eligible,No,49,74,61,85,89,6,Lateral Move,Active,None,None,Company Website,2026-Q1
EMP00139,Sales,Sales Executive,Senior,Delhi NCR,Full-time,2025-07-29,1-3 Years,35-44,Men,Standard,10L-15L,1338761.92,5,Promoted,Eligible,No,24,57,61,61,71,1,Lateral Move,Active,None,None,Employee Referral,2025-Q4
EMP00140,HR,HR Analyst,Entry Level,Mumbai,Full-time,2020-06-16,5-10 Years,35-44,Women,Standard,5L-10L,519722.74,2,Not Promoted,Not Eligible,No,43,74,98,67,76,0,Promotion,Active,None,None,Job Portal,2025-Q4
EMP00141,Marketing,Marketing Specialist,Mid-Level,Guwahati,Contract,2023-01-07,3-5 Years,18-24,Women,Standard,5L-10L,967417.1,3,Not Promoted,Eligible,No,24,84,95,81,73,2,Lateral Move,Active,None,None,Job Portal,2026-Q1
EMP00142,HR,HR Analyst,Manager,Guwahati,Contract,2020-06-03,5-10 Years,55+,Women,Standard,15L-25L,2189439.26,2,Not Promoted,Eligible,Yes,20,64,84,47,79,4,None,Active,None,None,Agency,2026-Q3
EMP00143,Operations,Operations Analyst,Junior,Bengaluru,Full-time,2024-01-26,1-3 Years,25-34,Women,Standard,5L-10L,581184.22,4,Not Promoted,Eligible,No,15,78,78,100,65,7,None,Active,None,None,Professional Network,2026-Q2
EMP00144,IT,IT Support Specialist,Mid-Level,Guwahati,Full-time,2019-09-07,5-10 Years,55+,Women,Standard,5L-10L,966206.42,4,Not Promoted,Eligible,No,33,79,89,75,80,3,Department Transfer,Active,None,None,Job Portal,2026-Q3
EMP00145,IT,IT Support Specialist,Senior Manager,Bengaluru,Full-time,2019-11-27,5-10 Years,55+,Men,Standard,25L+,3134601.56,3,Not Promoted,Eligible,Yes,16,80,93,62,69,4,Lateral Move,Exited,Voluntary,Manager Relationship,Company Website,2026-Q2
EMP00146,Customer Success,Customer Success Manager,Senior,Hyderabad,Full-time,2024-02-02,1-3 Years,25-34,Non-binary,Standard,10L-15L,1409058.06,4,Not Promoted,Eligible,No,25,87,74,87,100,1,Department Transfer,Active,None,None,Professional Network,2025-Q4
EMP00147,Finance,Financial Analyst,Mid-Level,Kolkata,Full-time,2024-01-24,1-3 Years,35-44,Men,Standard,5L-10L,945280.3,3,Not Promoted,Eligible,No,41,63,69,62,68,1,Department Transfer,Active,None,None,Agency,2026-Q3
EMP00148,Customer Success,Customer Success Manager,Entry Level,Bengaluru,Full-time,2022-07-04,3-5 Years,35-44,Men,Standard,5L-10L,505692.54,4,Not Promoted,Not Eligible,No,20,87,84,89,84,3,Department Transfer,Active,None,None,Campus,2026-Q2
EMP00149,Marketing,Marketing Specialist,Mid-Level,Chennai,Full-time,2019-10-02,5-10 Years,25-34,Women,Standard,5L-10L,980850.22,3,Promoted,Eligible,No,28,73,83,67,74,3,None,Active,None,None,Job Portal,2026-Q2
EMP00150,Marketing,Marketing Specialist,Junior,Guwahati,Full-time,2025-07-30,1-3 Years,35-44,Women,Standard,5L-10L,643612.12,3,Not Promoted,Eligible,No,36,70,72,82,58,5,Promotion,Active,None,None,Agency,2026-Q2
EMP00151,Customer Success,Customer Success Manager,Manager,Guwahati,Full-time,2022-03-24,3-5 Years,35-44,Women,Standard,15L-25L,1975665.74,4,Not Promoted,Eligible,Yes,24,75,87,84,83,5,Promotion,Active,None,None,Company Website,2026-Q1
EMP00152,Marketing,Marketing Specialist,Entry Level,Chennai,Full-time,2021-07-07,5-10 Years,35-44,Women,Standard,Below 5L,470894.34,3,Not Promoted,Not Eligible,No,28,76,87,60,66,1,None,Active,None,None,Company Website,2026-Q2
EMP00153,Sales,Sales Executive,Junior,Hyderabad,Full-time,2025-06-09,1-3 Years,35-44,Women,Standard,5L-10L,670653,4,Not Promoted,Eligible,No,25,88,85,73,100,3,Department Transfer,Active,None,None,Company Website,2025-Q4
EMP00154,HR,HR Analyst,Senior,Guwahati,Contract,2021-01-08,5-10 Years,55+,Men,Standard,10L-15L,1357191.16,3,Not Promoted,Eligible,No,40,73,78,70,71,4,Promotion,Active,None,None,Campus,2025-Q4
EMP00155,Marketing,Marketing Specialist,Junior,Mumbai,Full-time,2025-05-08,1-3 Years,18-24,Women,Standard,5L-10L,656214.52,5,Not Promoted,Eligible,No,31,76,79,82,63,5,None,Active,None,None,Professional Network,2025-Q4
EMP00156,Sales,Sales Executive,Senior,Delhi NCR,Full-time,2023-03-21,3-5 Years,25-34,Men,Standard,10L-15L,1347926.98,3,Not Promoted,Eligible,No,35,73,72,81,70,2,Promotion,Active,None,None,Campus,2026-Q2
EMP00157,Sales,Sales Executive,Manager,Guwahati,Full-time,2020-09-29,5-10 Years,25-34,Women,Standard,15L-25L,2034983.16,2,Not Promoted,Eligible,Yes,47,69,49,72,77,4,None,Active,None,None,Campus,2026-Q3
EMP00158,Customer Success,Customer Success Manager,Mid-Level,Chennai,Contract,2025-10-22,0-1 Years,18-24,Women,Standard,10L-15L,1022934.92,4,Not Promoted,Not Eligible,No,35,79,71,66,78,2,Department Transfer,Active,None,None,Employee Referral,2025-Q4
EMP00159,Operations,Operations Analyst,Junior,Kolkata,Full-time,2020-03-30,5-10 Years,45-54,Prefer Not to Say,Not Collected,5L-10L,711451.5,4,Not Promoted,Eligible,No,0,65,64,68,74,3,Department Transfer,Active,None,None,Campus,2025-Q4
EMP00160,Finance,Financial Analyst,Senior Manager,Kolkata,Contract,2025-09-20,1-3 Years,55+,Men,Standard,25L+,2882093.36,4,Promoted,Eligible,Yes,38,66,75,65,69,4,Lateral Move,Active,None,None,Employee Referral,2026-Q1
EMP00161,HR,HR Analyst,Manager,Hyderabad,Full-time,2022-09-05,3-5 Years,35-44,Women,Standard,15L-25L,1953370.82,3,Not Promoted,Eligible,Yes,35,77,83,86,76,1,Department Transfer,Active,None,None,Employee Referral,2026-Q1
EMP00162,Customer Success,Customer Success Manager,Entry Level,Delhi NCR,Contract,2024-08-11,1-3 Years,25-34,Men,Standard,5L-10L,554188.18,5,Not Promoted,Not Eligible,No,28,78,73,69,74,2,Promotion,Active,None,None,Professional Network,2025-Q4
EMP00163,Customer Success,Customer Success Manager,Junior,Guwahati,Full-time,2024-02-27,1-3 Years,18-24,Women,Standard,5L-10L,700518.8,4,Not Promoted,Eligible,No,28,70,79,68,57,4,Promotion,Active,None,None,Company Website,2026-Q3
EMP00164,Customer Success,Customer Success Manager,Senior,Hyderabad,Full-time,2020-04-16,5-10 Years,35-44,Men,Standard,10L-15L,1447570.9,4,Not Promoted,Eligible,No,12,81,64,80,94,1,Promotion,Active,None,None,Company Website,2026-Q3
EMP00165,Operations,Operations Analyst,Entry Level,Bengaluru,Full-time,2023-11-24,1-3 Years,25-34,Men,Standard,Below 5L,422816.42,4,Not Promoted,Not Eligible,No,38,82,70,67,80,1,None,Active,None,None,Company Website,2026-Q3
EMP00166,Sales,Sales Executive,Entry Level,Kolkata,Full-time,2022-06-24,3-5 Years,45-54,Women,Standard,Below 5L,462282.7,3,Not Promoted,Not Eligible,No,43,76,93,66,54,3,Promotion,Active,None,None,Employee Referral,2025-Q4
EMP00167,Sales,Sales Executive,Senior,Delhi NCR,Full-time,2022-12-02,3-5 Years,45-54,Women,Standard,10L-15L,1447043.44,3,Not Promoted,Eligible,No,23,84,84,75,84,4,Lateral Move,Active,None,None,Employee Referral,2026-Q2
EMP00168,Finance,Financial Analyst,Senior Manager,Mumbai,Part-time,2025-10-03,0-1 Years,35-44,Women,Standard,25L+,2828137.86,3,Not Promoted,Not Eligible,Yes,0,64,82,56,70,2,Lateral Move,Active,None,None,Professional Network,2025-Q4
EMP00169,Marketing,Marketing Specialist,Entry Level,Chennai,Contract,2024-03-15,1-3 Years,25-34,Men,Standard,Below 5L,489177.26,4,Not Promoted,Not Eligible,No,42,76,63,82,91,3,Department Transfer,Active,None,None,Company Website,2026-Q2
EMP00170,Operations,Operations Analyst,Entry Level,Mumbai,Full-time,2023-12-07,1-3 Years,25-34,Women,Standard,Below 5L,468792.76,3,Not Promoted,Not Eligible,No,28,62,62,59,85,4,None,Active,None,None,Professional Network,2026-Q2
EMP00171,HR,HR Analyst,Senior,Guwahati,Full-time,2022-12-12,3-5 Years,25-34,Women,Standard,15L-25L,1603393.44,2,Not Promoted,Eligible,No,20,88,78,97,81,4,Promotion,Active,None,None,Job Portal,2025-Q4
EMP00172,Operations,Operations Analyst,Junior,Hyderabad,Full-time,2019-11-11,5-10 Years,18-24,Men,Standard,5L-10L,604597.78,5,Not Promoted,Eligible,No,65,83,83,71,83,8,None,Active,None,None,Company Website,2026-Q3
EMP00173,IT,IT Support Specialist,Mid-Level,Guwahati,Full-time,2024-01-17,1-3 Years,45-54,Prefer Not to Say,Not Collected,10L-15L,1046339.04,4,Not Promoted,Eligible,No,35,57,77,42,76,4,Lateral Move,Active,None,None,Agency,2026-Q1
EMP00174,Engineering,Software Engineer,Senior,Chennai,Full-time,2020-02-28,5-10 Years,55+,Men,Standard,10L-15L,1406880.96,4,Not Promoted,Eligible,No,20,79,84,79,82,4,Promotion,Active,None,None,Job Portal,2026-Q1
EMP00175,Engineering,Software Engineer,Junior,Delhi NCR,Full-time,2023-11-29,1-3 Years,35-44,Men,Standard,5L-10L,646571.56,4,Not Promoted,Eligible,No,41,86,99,74,69,3,Lateral Move,Active,None,None,Campus,2026-Q3
EMP00176,Customer Success,Customer Success Manager,Mid-Level,Pune,Full-time,2026-08-12,0-1 Years,25-34,Men,Standard,5L-10L,913721.2,5,Not Promoted,Not Eligible,No,20,73,70,71,83,4,None,Active,None,None,Professional Network,2026-Q2
EMP00177,Sales,Sales Executive,Senior,Pune,Full-time,2020-01-23,5-10 Years,25-34,Women,Standard,10L-15L,1482685.34,3,Not Promoted,Eligible,No,28,63,66,71,65,4,Department Transfer,Active,None,None,Professional Network,2026-Q1
EMP00178,Operations,Operations Analyst,Mid-Level,Bengaluru,Full-time,2025-07-14,1-3 Years,35-44,Women,Standard,5L-10L,927877.66,4,Not Promoted,Eligible,No,32,72,74,76,79,3,Promotion,Active,None,None,Professional Network,2026-Q3
EMP00179,Marketing,Marketing Specialist,Leadership,Bengaluru,Full-time,2022-06-22,3-5 Years,35-44,Men,Standard,25L+,3920558.26,4,Not Promoted,Not Eligible,Yes,45,62,59,71,80,4,Department Transfer,Active,None,None,Campus,2026-Q1
EMP00180,Sales,Sales Executive,Mid-Level,Kolkata,Contract,2024-09-13,1-3 Years,45-54,Women,Standard,10L-15L,1008897.64,4,Not Promoted,Eligible,No,15,73,75,71,79,5,Promotion,Active,None,None,Employee Referral,2026-Q2
EMP00181,IT,IT Support Specialist,Senior,Delhi NCR,Full-time,2021-07-16,5-10 Years,25-34,Men,Standard,10L-15L,1391093.74,4,Not Promoted,Eligible,No,31,76,73,63,68,2,Lateral Move,Active,None,None,Job Portal,2025-Q4
EMP00182,Operations,Operations Analyst,Senior,Mumbai,Full-time,2025-09-12,1-3 Years,55+,Women,Standard,10L-15L,1412962.68,4,Not Promoted,Eligible,No,33,79,59,76,94,3,Lateral Move,Active,None,None,Professional Network,2026-Q1
EMP00183,IT,IT Support Specialist,Senior Manager,Guwahati,Full-time,2023-08-10,3-5 Years,25-34,Men,Standard,25L+,3066304.34,3,Not Promoted,Eligible,Yes,51,86,85,100,67,3,Lateral Move,Active,None,None,Company Website,2026-Q2
EMP00184,IT,IT Support Specialist,Entry Level,Delhi NCR,Full-time,2024-12-27,1-3 Years,25-34,Women,Standard,Below 5L,479246.38,3,Not Promoted,Not Eligible,No,28,77,85,73,80,3,Lateral Move,Active,None,None,Agency,2026-Q1
EMP00185,Operations,Operations Analyst,Junior,Chennai,Full-time,2024-03-06,1-3 Years,35-44,Women,Standard,5L-10L,685171.72,4,Not Promoted,Eligible,No,19,72,79,60,63,3,Department Transfer,Active,None,None,Agency,2026-Q1
EMP00186,Finance,Financial Analyst,Manager,Mumbai,Full-time,2021-10-21,3-5 Years,55+,Men,Standard,15L-25L,2000736.02,3,Promoted,Eligible,Yes,21,72,86,74,89,4,Department Transfer,Active,None,None,Company Website,2025-Q4
EMP00187,Sales,Sales Executive,Manager,Hyderabad,Full-time,2019-12-10,5-10 Years,35-44,Women,Standard,15L-25L,2130203.26,3,Not Promoted,Eligible,Yes,44,73,66,68,73,1,Promotion,Active,None,None,Company Website,2026-Q1
EMP00188,Customer Success,Customer Success Manager,Mid-Level,Bengaluru,Full-time,2021-06-28,5-10 Years,18-24,Women,Standard,10L-15L,1036719.68,3,Not Promoted,Eligible,No,12,82,73,69,100,1,Promotion,Active,None,None,Agency,2025-Q4
EMP00189,Customer Success,Customer Success Manager,Mid-Level,Pune,Full-time,2021-08-23,5-10 Years,55+,Women,Standard,10L-15L,1043804.4,5,Not Promoted,Eligible,No,8,80,53,98,81,4,None,Active,None,None,Job Portal,2026-Q2
EMP00190,Sales,Sales Executive,Entry Level,Pune,Full-time,2020-08-21,5-10 Years,25-34,Women,Standard,5L-10L,559288.14,4,Not Promoted,Not Eligible,No,18,68,70,57,75,2,Lateral Move,Exited,Involuntary,Business Restructuring,Professional Network,2026-Q1
EMP00191,IT,IT Support Specialist,Manager,Chennai,Full-time,2025-11-25,0-1 Years,35-44,Men,Standard,15L-25L,2266567.6,4,Not Promoted,Not Eligible,Yes,41,81,99,78,81,5,None,Active,None,None,Job Portal,2026-Q2
EMP00192,Finance,Financial Analyst,Mid-Level,Mumbai,Full-time,2025-02-25,1-3 Years,25-34,Men,Standard,5L-10L,969126.92,4,Not Promoted,Eligible,No,1,75,68,76,91,4,Department Transfer,Active,None,None,Campus,2026-Q1
EMP00193,HR,HR Analyst,Mid-Level,Bengaluru,Full-time,2019-07-15,5-10 Years,25-34,Women,Standard,10L-15L,1094762.7,3,Not Promoted,Eligible,No,43,88,87,71,100,0,Department Transfer,Exited,Involuntary,Business Restructuring,Company Website,2025-Q4
EMP00194,Finance,Financial Analyst,Mid-Level,Mumbai,Full-time,2022-04-08,3-5 Years,35-44,Men,Standard,10L-15L,1019503.48,4,Not Promoted,Eligible,No,37,79,77,92,81,3,Promotion,Active,None,None,Agency,2026-Q1
EMP00195,Sales,Sales Executive,Senior Manager,Pune,Full-time,2019-10-05,5-10 Years,35-44,Men,Standard,25L+,3258756.44,4,Not Promoted,Eligible,Yes,40,71,89,60,81,3,None,Active,None,None,Agency,2025-Q4
EMP00196,Customer Success,Customer Success Manager,Junior,Pune,Full-time,2021-11-04,3-5 Years,25-34,Men,Standard,5L-10L,639915.18,3,Not Promoted,Eligible,No,46,83,82,87,69,4,Promotion,Active,None,None,Campus,2026-Q1
EMP00197,Sales,Sales Executive,Junior,Pune,Full-time,2020-06-30,5-10 Years,25-34,Men,Standard,5L-10L,603474.42,4,Promoted,Eligible,No,40,78,82,83,86,1,Promotion,Active,None,None,Employee Referral,2026-Q3
EMP00198,IT,IT Support Specialist,Mid-Level,Mumbai,Full-time,2020-07-06,5-10 Years,18-24,Women,Standard,10L-15L,1072256.56,3,Promoted,Eligible,No,33,74,69,74,62,7,Department Transfer,Exited,Voluntary,Compensation,Job Portal,2026-Q2
EMP00199,HR,HR Analyst,Senior,Kolkata,Full-time,2025-02-02,1-3 Years,55+,Women,Standard,15L-25L,1571123.98,3,Not Promoted,Eligible,No,32,79,79,72,70,1,None,Active,None,None,Employee Referral,2026-Q2
EMP00200,Operations,Operations Analyst,Mid-Level,Guwahati,Full-time,2026-05-09,0-1 Years,25-34,Men,Standard,5L-10L,932366.38,4,Not Promoted,Not Eligible,No,35,93,88,100,88,7,Promotion,Active,None,None,Campus,2026-Q3
EMP00201,Customer Success,Customer Success Manager,Senior,Chennai,Contract,2023-05-03,3-5 Years,25-34,Men,Standard,10L-15L,1286407.68,4,Not Promoted,Eligible,No,41,92,82,82,96,1,Lateral Move,Active,None,None,Agency,2026-Q2
EMP00202,HR,HR Analyst,Mid-Level,Bengaluru,Contract,2023-10-05,1-3 Years,25-34,Women,Standard,10L-15L,1054111.7,4,Promoted,Eligible,No,40,70,60,85,81,4,Lateral Move,Active,None,None,Campus,2025-Q4
EMP00203,Sales,Sales Executive,Manager,Pune,Full-time,2026-05-31,0-1 Years,35-44,Women,Standard,15L-25L,2278955.24,4,Not Promoted,Not Eligible,Yes,42,81,83,74,83,3,Promotion,Active,None,None,Company Website,2026-Q3
EMP00204,Marketing,Marketing Specialist,Senior,Chennai,Full-time,2022-12-10,3-5 Years,18-24,Women,Standard,10L-15L,1423382.08,3,Not Promoted,Eligible,No,22,71,78,64,63,4,Promotion,Active,None,None,Agency,2026-Q2
EMP00205,Engineering,Software Engineer,Manager,Bengaluru,Contract,2026-07-12,0-1 Years,45-54,Women,Standard,15L-25L,2104737.68,4,Not Promoted,Not Eligible,Yes,52,69,76,71,71,5,Department Transfer,Active,None,None,Professional Network,2026-Q1
EMP00206,Engineering,Software Engineer,Junior,Mumbai,Full-time,2025-10-24,0-1 Years,25-34,Men,Standard,5L-10L,669763.28,2,Not Promoted,Not Eligible,No,22,69,68,87,64,1,Department Transfer,Exited,Voluntary,Manager Relationship,Campus,2026-Q2
EMP00207,Customer Success,Customer Success Manager,Mid-Level,Guwahati,Full-time,2025-10-14,0-1 Years,25-34,Women,Standard,5L-10L,947384.24,4,Not Promoted,Not Eligible,No,38,66,71,49,75,4,Lateral Move,Active,None,None,Campus,2026-Q2
EMP00208,IT,IT Support Specialist,Junior,Bengaluru,Full-time,2025-06-08,1-3 Years,25-34,Women,Standard,5L-10L,629133.52,4,Promoted,Eligible,No,21,77,74,65,97,9,Promotion,Active,None,None,Professional Network,2026-Q2
EMP00209,Finance,Financial Analyst,Junior,Bengaluru,Full-time,2019-04-17,5-10 Years,25-34,Men,Standard,5L-10L,739804.54,3,Not Promoted,Eligible,No,39,63,71,51,65,2,Department Transfer,Active,None,None,Company Website,2025-Q4
EMP00210,HR,HR Analyst,Senior,Hyderabad,Full-time,2024-01-02,1-3 Years,25-34,Men,Standard,10L-15L,1309738.64,2,Not Promoted,Eligible,No,38,69,65,79,61,2,Promotion,Active,None,None,Agency,2026-Q1
EMP00211,Sales,Sales Executive,Manager,Mumbai,Full-time,2019-10-31,5-10 Years,55+,Men,Standard,15L-25L,1912896.82,4,Not Promoted,Eligible,Yes,52,71,71,64,74,5,Department Transfer,Active,None,None,Professional Network,2026-Q2
EMP00212,Operations,Operations Analyst,Junior,Bengaluru,Full-time,2025-03-02,1-3 Years,45-54,Women,Standard,5L-10L,663365.32,4,Not Promoted,Eligible,No,42,63,68,79,51,3,Promotion,Active,None,None,Professional Network,2026-Q1
EMP00213,Operations,Operations Analyst,Junior,Delhi NCR,Full-time,2020-05-12,5-10 Years,45-54,Women,Standard,5L-10L,568453.2,2,Not Promoted,Eligible,No,20,64,81,38,71,5,Lateral Move,Active,None,None,Agency,2025-Q4
EMP00214,Operations,Operations Analyst,Senior,Pune,Contract,2024-03-29,1-3 Years,25-34,Men,Standard,10L-15L,1215043.64,2,Not Promoted,Eligible,No,48,72,72,77,76,1,Lateral Move,Active,None,None,Job Portal,2025-Q4
EMP00215,HR,HR Analyst,Senior,Kolkata,Full-time,2024-05-14,1-3 Years,25-34,Men,Standard,10L-15L,1400480.64,3,Not Promoted,Eligible,No,22,80,91,67,81,5,Department Transfer,Active,None,None,Job Portal,2026-Q1
EMP00216,Operations,Operations Analyst,Manager,Bengaluru,Full-time,2024-01-18,1-3 Years,18-24,Women,Standard,15L-25L,2243398.3,4,Not Promoted,Eligible,Yes,41,87,76,76,95,6,Promotion,Active,None,None,Company Website,2026-Q1
EMP00217,Marketing,Marketing Specialist,Leadership,Kolkata,Full-time,2024-08-21,1-3 Years,35-44,Men,Standard,25L+,4131119.82,3,Not Promoted,Not Eligible,Yes,36,58,68,63,61,5,None,Active,None,None,Company Website,2026-Q1
EMP00218,HR,HR Analyst,Leadership,Mumbai,Full-time,2020-10-25,5-10 Years,25-34,Men,Standard,25L+,4731103.8,5,Not Promoted,Not Eligible,Yes,33,86,87,84,87,3,Promotion,Active,None,None,Employee Referral,2026-Q2
EMP00219,HR,HR Analyst,Junior,Bengaluru,Full-time,2021-10-23,3-5 Years,25-34,Women,Standard,5L-10L,665216.74,4,Promoted,Eligible,No,14,76,87,67,71,3,Promotion,Active,None,None,Campus,2025-Q4
EMP00220,Marketing,Marketing Specialist,Junior,Mumbai,Full-time,2020-12-02,5-10 Years,35-44,Women,Standard,5L-10L,762705.98,3,Not Promoted,Eligible,No,25,73,77,60,73,7,Promotion,Active,None,None,Company Website,2025-Q4
EMP00221,Engineering,Software Engineer,Mid-Level,Bengaluru,Full-time,2019-07-06,5-10 Years,35-44,Men,Standard,5L-10L,985697.66,3,Not Promoted,Eligible,No,15,74,74,75,68,1,Promotion,Active,None,None,Company Website,2026-Q3
EMP00222,Engineering,Software Engineer,Entry Level,Chennai,Full-time,2026-01-12,0-1 Years,25-34,Men,Standard,5L-10L,553842.44,3,Not Promoted,Not Eligible,No,33,71,70,72,78,3,Promotion,Active,None,None,Campus,2026-Q3
EMP00223,Finance,Financial Analyst,Senior,Kolkata,Full-time,2022-05-03,3-5 Years,45-54,Men,Standard,10L-15L,1211392.72,3,Not Promoted,Eligible,No,41,71,69,59,69,1,None,Active,None,None,Agency,2026-Q3
EMP00224,IT,IT Support Specialist,Junior,Delhi NCR,Full-time,2022-10-25,3-5 Years,45-54,Men,Standard,5L-10L,675319.9,3,Not Promoted,Eligible,No,1,87,80,71,81,0,Promotion,Active,None,None,Campus,2026-Q2
EMP00225,Customer Success,Customer Success Manager,Mid-Level,Mumbai,Full-time,2023-02-26,3-5 Years,35-44,Women,Standard,5L-10L,977559.2,4,Not Promoted,Eligible,No,23,60,78,61,74,4,None,Active,None,None,Agency,2025-Q4
EMP00226,HR,HR Analyst,Manager,Chennai,Full-time,2021-10-12,3-5 Years,25-34,Men,Standard,15L-25L,2222467.46,3,Not Promoted,Eligible,Yes,34,74,65,50,90,1,None,Active,None,None,Agency,2026-Q3
EMP00227,Finance,Financial Analyst,Junior,Mumbai,Full-time,2022-09-03,3-5 Years,18-24,Men,Standard,5L-10L,619505.9,3,Not Promoted,Eligible,No,29,80,88,74,58,7,Promotion,Active,None,None,Employee Referral,2026-Q3
EMP00228,IT,IT Support Specialist,Mid-Level,Chennai,Full-time,2022-06-17,3-5 Years,35-44,Women,Standard,5L-10L,934843.2,3,Not Promoted,Eligible,No,31,86,77,90,74,4,None,Active,None,None,Company Website,2026-Q3
EMP00229,Finance,Financial Analyst,Mid-Level,Delhi NCR,Full-time,2025-07-17,1-3 Years,25-34,Men,Standard,5L-10L,966997.02,4,Not Promoted,Eligible,No,17,95,91,87,84,5,None,Active,None,None,Company Website,2026-Q3
EMP00230,HR,HR Analyst,Senior,Guwahati,Full-time,2020-03-16,5-10 Years,25-34,Men,Standard,15L-25L,1561304.02,3,Not Promoted,Eligible,No,34,62,81,49,63,3,Promotion,Active,None,None,Agency,2026-Q2
EMP00231,Engineering,Software Engineer,Entry Level,Kolkata,Full-time,2019-07-29,5-10 Years,18-24,Women,Standard,5L-10L,513248.08,5,Not Promoted,Not Eligible,No,22,73,68,80,72,2,Lateral Move,Active,None,None,Campus,2025-Q4
EMP00232,Customer Success,Customer Success Manager,Mid-Level,Chennai,Full-time,2025-03-02,1-3 Years,18-24,Men,Standard,5L-10L,937708.24,3,Not Promoted,Eligible,No,40,74,77,67,81,3,None,Active,None,None,Job Portal,2026-Q3
EMP00233,Operations,Operations Analyst,Senior Manager,Pune,Full-time,2025-04-03,1-3 Years,18-24,Men,Standard,25L+,3152814.86,3,Not Promoted,Eligible,Yes,30,83,85,82,70,2,Lateral Move,Active,None,None,Company Website,2026-Q3
EMP00234,Engineering,Software Engineer,Entry Level,Guwahati,Full-time,2019-06-09,5-10 Years,18-24,Men,Standard,Below 5L,457477.74,1,Not Promoted,Not Eligible,No,23,59,63,52,62,4,Lateral Move,Active,None,None,Agency,2026-Q3
EMP00235,Marketing,Marketing Specialist,Junior,Mumbai,Full-time,2022-09-05,3-5 Years,35-44,Women,Standard,5L-10L,755582.32,3,Not Promoted,Eligible,No,34,75,62,80,73,3,Promotion,Active,None,None,Company Website,2026-Q2
EMP00236,Operations,Operations Analyst,Manager,Chennai,Full-time,2025-04-24,1-3 Years,25-34,Men,Standard,15L-25L,1907246.98,4,Not Promoted,Eligible,Yes,29,73,94,59,72,8,None,Active,None,None,Professional Network,2025-Q4
EMP00237,Customer Success,Customer Success Manager,Mid-Level,Hyderabad,Full-time,2026-01-21,0-1 Years,25-34,Women,Standard,10L-15L,1022557.32,2,Not Promoted,Not Eligible,No,23,74,81,76,82,3,None,Active,None,None,Campus,2026-Q1
EMP00238,Engineering,Software Engineer,Senior,Chennai,Full-time,2020-11-29,5-10 Years,18-24,Men,Standard,10L-15L,1372271.56,4,Not Promoted,Eligible,No,33,89,90,58,97,5,Department Transfer,Active,None,None,Professional Network,2026-Q1
EMP00239,Engineering,Software Engineer,Senior,Bengaluru,Full-time,2021-02-20,5-10 Years,35-44,Men,Standard,10L-15L,1476191.8,3,Promoted,Eligible,No,17,82,90,84,76,2,Promotion,Active,None,None,Agency,2026-Q1
EMP00240,Customer Success,Customer Success Manager,Entry Level,Chennai,Full-time,2019-09-13,5-10 Years,25-34,Women,Standard,Below 5L,459345.68,3,Not Promoted,Not Eligible,No,17,92,78,75,96,1,Lateral Move,Active,None,None,Company Website,2026-Q2
EMP00241,IT,IT Support Specialist,Entry Level,Kolkata,Full-time,2022-07-09,3-5 Years,45-54,Women,Standard,Below 5L,430006.16,3,Not Promoted,Not Eligible,No,16,83,88,98,79,6,Lateral Move,Active,None,None,Company Website,2026-Q2
EMP00242,Operations,Operations Analyst,Senior,Hyderabad,Full-time,2025-11-03,0-1 Years,18-24,Men,Standard,10L-15L,1368461.34,3,Not Promoted,Not Eligible,No,42,80,83,99,66,3,Department Transfer,Active,None,None,Employee Referral,2026-Q2
EMP00243,HR,HR Analyst,Entry Level,Delhi NCR,Full-time,2022-05-04,3-5 Years,35-44,Men,Standard,Below 5L,435959.26,4,Not Promoted,Not Eligible,No,42,85,77,75,83,2,Promotion,Active,None,None,Professional Network,2026-Q3
EMP00244,Operations,Operations Analyst,Mid-Level,Chennai,Full-time,2022-11-29,3-5 Years,25-34,Women,Standard,5L-10L,864135.24,3,Not Promoted,Eligible,No,31,82,88,75,70,4,Promotion,Active,None,None,Company Website,2026-Q3
EMP00245,Customer Success,Customer Success Manager,Entry Level,Pune,Full-time,2020-08-22,5-10 Years,35-44,Women,Standard,5L-10L,515298.92,4,Not Promoted,Not Eligible,No,34,81,80,96,76,2,Promotion,Exited,Involuntary,Performance,Campus,2026-Q3
EMP00246,HR,HR Analyst,Senior,Chennai,Full-time,2021-05-26,5-10 Years,25-34,Women,Standard,10L-15L,1257494.14,5,Promoted,Eligible,No,20,88,65,75,91,3,Promotion,Active,None,None,Professional Network,2026-Q2
EMP00247,Marketing,Marketing Specialist,Mid-Level,Bengaluru,Full-time,2025-11-26,0-1 Years,25-34,Women,Standard,10L-15L,1031066.3,4,Not Promoted,Not Eligible,No,32,85,91,63,93,4,Lateral Move,Active,None,None,Professional Network,2026-Q1
EMP00248,Finance,Financial Analyst,Entry Level,Guwahati,Full-time,2020-02-15,5-10 Years,35-44,Women,Standard,Below 5L,462453.8,3,Not Promoted,Not Eligible,No,42,85,64,95,73,3,Department Transfer,Active,None,None,Agency,2025-Q4
EMP00249,Marketing,Marketing Specialist,Senior,Guwahati,Contract,2025-03-04,1-3 Years,18-24,Women,Standard,10L-15L,1453998.36,2,Not Promoted,Eligible,No,33,67,64,59,56,2,Lateral Move,Active,None,None,Agency,2026-Q3
EMP00250,Finance,Financial Analyst,Mid-Level,Hyderabad,Full-time,2022-08-08,3-5 Years,35-44,Women,Standard,5L-10L,896559.28,4,Not Promoted,Eligible,No,34,81,100,66,55,2,None,Active,None,None,Job Portal,2026-Q1
EMP00251,Engineering,Software Engineer,Junior,Mumbai,Full-time,2023-09-08,3-5 Years,18-24,Women,Standard,5L-10L,784947.8,4,Not Promoted,Eligible,No,30,80,88,88,70,2,Lateral Move,Active,None,None,Job Portal,2026-Q3
EMP00252,IT,IT Support Specialist,Junior,Mumbai,Full-time,2022-03-31,3-5 Years,25-34,Women,Standard,5L-10L,718025.28,3,Not Promoted,Eligible,No,30,77,90,78,76,5,None,Active,None,None,Company Website,2025-Q4
EMP00253,Operations,Operations Analyst,Manager,Hyderabad,Contract,2024-02-05,1-3 Years,35-44,Women,Standard,15L-25L,2051042.96,3,Not Promoted,Eligible,Yes,69,77,84,76,82,3,Department Transfer,Active,None,None,Employee Referral,2026-Q3
EMP00254,HR,HR Analyst,Entry Level,Delhi NCR,Full-time,2020-04-06,5-10 Years,25-34,Men,Standard,5L-10L,505207.56,4,Not Promoted,Not Eligible,No,20,69,73,84,73,3,Promotion,Active,None,None,Agency,2026-Q2
EMP00255,Marketing,Marketing Specialist,Mid-Level,Guwahati,Full-time,2022-10-12,3-5 Years,45-54,Men,Standard,10L-15L,1058932,4,Not Promoted,Eligible,No,9,85,96,74,83,4,Lateral Move,Active,None,None,Professional Network,2026-Q3
EMP00256,Customer Success,Customer Success Manager,Senior,Pune,Full-time,2019-12-22,5-10 Years,35-44,Women,Standard,10L-15L,1379071.9,3,Not Promoted,Eligible,No,18,63,71,68,71,1,None,Active,None,None,Employee Referral,2026-Q3
EMP00257,Operations,Operations Analyst,Mid-Level,Delhi NCR,Full-time,2019-01-28,5-10 Years,45-54,Women,Standard,5L-10L,974794.46,3,Not Promoted,Eligible,No,48,88,98,76,89,1,Lateral Move,Active,None,None,Campus,2026-Q2
EMP00258,HR,HR Analyst,Senior,Guwahati,Full-time,2021-12-07,3-5 Years,45-54,Non-binary,Standard,10L-15L,1300909.88,3,Not Promoted,Eligible,No,25,69,74,72,77,5,Lateral Move,Exited,Voluntary,Workload,Employee Referral,2026-Q3
EMP00259,HR,HR Analyst,Mid-Level,Bengaluru,Full-time,2026-03-01,0-1 Years,18-24,Women,Standard,10L-15L,1052904.56,4,Not Promoted,Not Eligible,No,24,63,44,69,76,2,Promotion,Active,None,None,Employee Referral,2026-Q1
EMP00260,Marketing,Marketing Specialist,Senior,Chennai,Full-time,2020-09-19,5-10 Years,25-34,Women,Standard,15L-25L,1500385.34,4,Not Promoted,Eligible,No,40,68,59,100,66,6,Promotion,Active,None,None,Company Website,2026-Q3
EMP00261,Finance,Financial Analyst,Mid-Level,Delhi NCR,Contract,2026-08-18,0-1 Years,35-44,Women,Standard,10L-15L,1057532.52,3,Not Promoted,Not Eligible,No,48,70,55,79,82,2,None,Active,None,None,Company Website,2026-Q2
EMP00262,Sales,Sales Executive,Mid-Level,Bengaluru,Full-time,2019-09-10,5-10 Years,55+,Men,Standard,5L-10L,899850.3,4,Not Promoted,Eligible,No,18,69,63,70,93,5,Lateral Move,Active,None,None,Employee Referral,2026-Q1
EMP00263,Operations,Operations Analyst,Mid-Level,Chennai,Full-time,2020-04-21,5-10 Years,25-34,Men,Standard,10L-15L,1056420.96,3,Not Promoted,Eligible,No,8,84,81,81,98,4,Department Transfer,Active,None,None,Company Website,2026-Q3
EMP00264,Engineering,Software Engineer,Senior,Chennai,Full-time,2020-06-24,5-10 Years,18-24,Women,Standard,10L-15L,1275909.22,2,Not Promoted,Eligible,No,27,71,83,75,75,2,Department Transfer,Active,None,None,Company Website,2026-Q3
EMP00265,HR,HR Analyst,Mid-Level,Guwahati,Full-time,2023-06-10,3-5 Years,25-34,Men,Standard,10L-15L,1037942.16,4,Not Promoted,Eligible,No,43,77,80,94,71,4,None,Active,None,None,Company Website,2025-Q4
EMP00266,Engineering,Software Engineer,Mid-Level,Kolkata,Full-time,2022-11-12,3-5 Years,35-44,Women,Standard,5L-10L,900106.36,4,Not Promoted,Eligible,No,12,71,67,62,91,0,None,Active,None,None,Job Portal,2026-Q3
EMP00267,Engineering,Software Engineer,Senior,Hyderabad,Full-time,2023-08-02,3-5 Years,45-54,Men,Standard,10L-15L,1433887.62,4,Promoted,Eligible,No,50,83,85,80,79,4,Lateral Move,Active,None,None,Professional Network,2026-Q3
EMP00268,Operations,Operations Analyst,Junior,Kolkata,Full-time,2024-01-12,1-3 Years,45-54,Women,Standard,5L-10L,667314.78,5,Not Promoted,Eligible,No,28,77,85,63,67,5,Department Transfer,Active,None,None,Professional Network,2026-Q1
EMP00269,Operations,Operations Analyst,Manager,Bengaluru,Full-time,2021-01-01,5-10 Years,55+,Men,Standard,15L-25L,1929287.02,3,Not Promoted,Eligible,Yes,52,70,88,56,81,3,Department Transfer,Active,None,None,Professional Network,2026-Q1
EMP00270,Engineering,Software Engineer,Mid-Level,Guwahati,Full-time,2022-05-07,3-5 Years,35-44,Women,Standard,10L-15L,1026090.24,3,Not Promoted,Eligible,No,36,78,81,77,72,3,Department Transfer,Active,None,None,Employee Referral,2026-Q1
EMP00271,IT,IT Support Specialist,Mid-Level,Pune,Full-time,2020-09-27,5-10 Years,25-34,Women,Standard,5L-10L,991303.84,4,Not Promoted,Eligible,No,37,88,70,79,83,4,None,Exited,Voluntary,Personal Reasons,Job Portal,2026-Q1
EMP00272,Finance,Financial Analyst,Mid-Level,Bengaluru,Full-time,2020-02-18,5-10 Years,35-44,Women,Standard,5L-10L,974106.52,3,Not Promoted,Eligible,No,32,84,90,84,86,3,Department Transfer,Active,None,None,Professional Network,2025-Q4
EMP00273,Finance,Financial Analyst,Junior,Guwahati,Part-time,2023-07-06,3-5 Years,18-24,Women,Standard,5L-10L,668482.98,5,Not Promoted,Eligible,No,23,85,88,78,72,4,Lateral Move,Active,None,None,Job Portal,2026-Q1
EMP00274,HR,HR Analyst,Manager,Delhi NCR,Full-time,2025-06-17,1-3 Years,45-54,Women,Standard,15L-25L,2044112.82,4,Not Promoted,Eligible,Yes,50,77,88,69,70,2,Promotion,Active,None,None,Employee Referral,2026-Q1
EMP00275,Customer Success,Customer Success Manager,Leadership,Hyderabad,Full-time,2022-02-01,3-5 Years,25-34,Men,Standard,25L+,5033162.56,3,Not Promoted,Not Eligible,Yes,25,60,74,74,73,3,None,Active,None,None,Company Website,2026-Q1
EMP00276,Customer Success,Customer Success Manager,Manager,Chennai,Full-time,2019-07-12,5-10 Years,25-34,Men,Standard,15L-25L,2194756.34,4,Not Promoted,Eligible,Yes,31,80,59,96,93,4,Department Transfer,Active,None,None,Campus,2026-Q3
EMP00277,Customer Success,Customer Success Manager,Junior,Mumbai,Full-time,2022-05-13,3-5 Years,25-34,Men,Standard,5L-10L,717496.64,3,Not Promoted,Eligible,No,22,64,74,69,60,1,Department Transfer,Active,None,None,Employee Referral,2026-Q2
EMP00278,Marketing,Marketing Specialist,Entry Level,Chennai,Full-time,2019-08-25,5-10 Years,45-54,Men,Standard,Below 5L,492502.5,3,Not Promoted,Not Eligible,No,25,65,49,76,94,2,Department Transfer,Active,None,None,Company Website,2026-Q1
EMP00279,Customer Success,Customer Success Manager,Leadership,Delhi NCR,Full-time,2021-11-10,3-5 Years,25-34,Women,Standard,25L+,4555925.72,3,Not Promoted,Not Eligible,Yes,31,84,91,98,69,3,Lateral Move,Active,None,None,Job Portal,2026-Q3
EMP00280,Operations,Operations Analyst,Leadership,Bengaluru,Full-time,2025-01-02,1-3 Years,35-44,Prefer Not to Say,Not Collected,25L+,5252823.1,4,Not Promoted,Not Eligible,Yes,18,66,81,66,59,3,Lateral Move,Exited,Voluntary,Personal Reasons,Company Website,2025-Q4
EMP00281,Sales,Sales Executive,Junior,Delhi NCR,Full-time,2025-08-03,1-3 Years,18-24,Women,Standard,5L-10L,690072.26,3,Not Promoted,Eligible,No,20,66,56,85,73,3,Lateral Move,Active,None,None,Campus,2026-Q2
EMP00282,Engineering,Software Engineer,Mid-Level,Delhi NCR,Full-time,2021-02-17,5-10 Years,25-34,Men,Standard,5L-10L,900638.54,3,Not Promoted,Eligible,No,31,72,81,67,67,3,None,Active,None,None,Agency,2026-Q1
EMP00283,Finance,Financial Analyst,Manager,Kolkata,Full-time,2021-09-07,5-10 Years,35-44,Men,Standard,15L-25L,1976999.14,3,Not Promoted,Eligible,Yes,27,65,60,86,50,2,Promotion,Active,None,None,Company Website,2026-Q2
EMP00284,HR,HR Analyst,Manager,Hyderabad,Full-time,2023-01-13,3-5 Years,25-34,Men,Standard,15L-25L,1794002.38,3,Not Promoted,Eligible,Yes,39,60,62,50,72,3,Department Transfer,Active,None,None,Professional Network,2026-Q3
EMP00285,Operations,Operations Analyst,Senior,Delhi NCR,Full-time,2023-02-27,3-5 Years,25-34,Prefer Not to Say,Not Collected,10L-15L,1373014.96,4,Not Promoted,Eligible,No,13,89,81,89,82,1,None,Active,None,None,Employee Referral,2026-Q1
EMP00286,Engineering,Software Engineer,Mid-Level,Hyderabad,Full-time,2025-03-16,1-3 Years,35-44,Men,Standard,5L-10L,875551.74,3,Not Promoted,Eligible,No,24,66,68,64,88,4,Department Transfer,Active,None,None,Employee Referral,2026-Q2
EMP00287,Finance,Financial Analyst,Mid-Level,Kolkata,Full-time,2025-05-22,1-3 Years,18-24,Women,Standard,5L-10L,950926.6,4,Not Promoted,Eligible,No,14,75,89,75,70,2,Department Transfer,Active,None,None,Professional Network,2026-Q2
EMP00288,HR,HR Analyst,Entry Level,Chennai,Contract,2026-03-13,0-1 Years,25-34,Women,Standard,Below 5L,440951.84,3,Not Promoted,Not Eligible,No,19,88,79,95,78,2,Department Transfer,Active,None,None,Professional Network,2026-Q2
EMP00289,Marketing,Marketing Specialist,Senior Manager,Mumbai,Full-time,2025-02-16,1-3 Years,35-44,Women,Standard,25L+,2973474.92,3,Not Promoted,Eligible,Yes,45,73,96,70,56,4,None,Active,None,None,Job Portal,2025-Q4
EMP00290,Engineering,Software Engineer,Mid-Level,Kolkata,Full-time,2020-07-17,5-10 Years,35-44,Men,Standard,10L-15L,1010413.94,4,Not Promoted,Eligible,No,34,67,66,49,72,7,Lateral Move,Exited,Voluntary,Compensation,Company Website,2026-Q3
EMP00291,Operations,Operations Analyst,Mid-Level,Guwahati,Full-time,2025-12-05,0-1 Years,35-44,Men,Standard,10L-15L,1064732.88,3,Not Promoted,Not Eligible,No,35,66,67,55,79,3,Department Transfer,Active,None,None,Job Portal,2025-Q4
EMP00292,Customer Success,Customer Success Manager,Mid-Level,Guwahati,Part-time,2019-03-10,5-10 Years,35-44,Men,Standard,10L-15L,1011242.3,3,Not Promoted,Eligible,No,8,78,72,69,88,3,Promotion,Active,None,None,Campus,2025-Q4
EMP00293,Customer Success,Customer Success Manager,Senior,Mumbai,Full-time,2020-03-14,5-10 Years,35-44,Prefer Not to Say,Not Collected,15L-25L,1580653.66,3,Not Promoted,Eligible,No,23,78,66,78,91,4,Lateral Move,Active,None,None,Company Website,2026-Q2
EMP00294,Operations,Operations Analyst,Manager,Hyderabad,Full-time,2023-06-14,3-5 Years,25-34,Women,Standard,15L-25L,2045135.88,4,Promoted,Eligible,Yes,60,66,63,80,84,7,Department Transfer,Active,None,None,Employee Referral,2026-Q1
EMP00295,HR,HR Analyst,Entry Level,Bengaluru,Full-time,2026-05-01,0-1 Years,25-34,Women,Standard,5L-10L,569741.76,4,Not Promoted,Not Eligible,No,14,75,80,92,59,7,None,Exited,Voluntary,Personal Reasons,Agency,2025-Q4
EMP00296,Engineering,Software Engineer,Mid-Level,Mumbai,Full-time,2019-12-05,5-10 Years,25-34,Men,Standard,10L-15L,1145696.22,3,Not Promoted,Eligible,No,34,77,74,63,67,4,Department Transfer,Active,None,None,Campus,2025-Q4
EMP00297,Engineering,Software Engineer,Mid-Level,Delhi NCR,Full-time,2021-05-15,5-10 Years,18-24,Men,Standard,5L-10L,830476.92,3,Not Promoted,Eligible,No,47,68,80,62,76,4,Department Transfer,Active,None,None,Job Portal,2026-Q2
EMP00298,Engineering,Software Engineer,Entry Level,Mumbai,Full-time,2022-07-12,3-5 Years,25-34,Women,Standard,Below 5L,467014.5,5,Not Promoted,Not Eligible,No,28,76,77,65,91,2,None,Active,None,None,Company Website,2026-Q1
EMP00299,Customer Success,Customer Success Manager,Mid-Level,Bengaluru,Full-time,2022-05-10,3-5 Years,25-34,Men,Standard,5L-10L,926786.16,3,Not Promoted,Eligible,No,18,79,72,94,86,3,Lateral Move,Active,None,None,Agency,2026-Q2
EMP00300,Customer Success,Customer Success Manager,Junior,Mumbai,Contract,2019-11-18,5-10 Years,25-34,Women,Standard,5L-10L,725537.16,4,Not Promoted,Eligible,No,37,71,56,77,88,3,Promotion,Exited,Voluntary,Career Growth,Campus,2026-Q3
EMP00301,Operations,Operations Analyst,Leadership,Guwahati,Full-time,2026-02-10,0-1 Years,18-24,Men,Standard,25L+,4801143.88,4,Not Promoted,Not Eligible,Yes,25,80,80,93,82,5,Promotion,Active,None,None,Agency,2026-Q3
EMP00302,Finance,Financial Analyst,Senior Manager,Pune,Full-time,2025-03-15,1-3 Years,25-34,Men,Standard,25L+,2754085.78,4,Not Promoted,Eligible,Yes,29,67,59,72,71,2,Department Transfer,Active,None,None,Company Website,2026-Q3
EMP00303,Sales,Sales Executive,Leadership,Hyderabad,Full-time,2021-10-06,3-5 Years,25-34,Women,Standard,25L+,4425738.68,5,Not Promoted,Not Eligible,Yes,33,72,78,73,70,5,None,Active,None,None,Employee Referral,2026-Q3
EMP00304,Marketing,Marketing Specialist,Senior Manager,Kolkata,Full-time,2022-07-21,3-5 Years,35-44,Non-binary,Standard,25L+,2925998.8,4,Not Promoted,Eligible,Yes,35,75,67,58,89,4,None,Exited,Voluntary,Workload,Campus,2025-Q4
EMP00305,Marketing,Marketing Specialist,Mid-Level,Bengaluru,Full-time,2021-02-06,5-10 Years,55+,Women,Standard,10L-15L,1066498.16,4,Not Promoted,Eligible,No,27,77,78,70,93,4,Department Transfer,Active,None,None,Job Portal,2026-Q2
EMP00306,Sales,Sales Executive,Senior,Pune,Full-time,2023-04-27,3-5 Years,25-34,Men,Standard,15L-25L,1598905.9,3,Promoted,Eligible,No,24,56,60,72,63,1,Department Transfer,Active,None,None,Job Portal,2026-Q1
EMP00307,Marketing,Marketing Specialist,Manager,Kolkata,Full-time,2020-11-25,5-10 Years,35-44,Men,Standard,15L-25L,2298678.94,3,Not Promoted,Eligible,Yes,39,71,46,70,78,5,Promotion,Active,None,None,Employee Referral,2025-Q4
EMP00308,Marketing,Marketing Specialist,Manager,Kolkata,Full-time,2022-02-04,3-5 Years,25-34,Men,Standard,15L-25L,2115762.42,3,Not Promoted,Eligible,Yes,37,73,51,91,74,2,Department Transfer,Active,None,None,Campus,2026-Q2
EMP00309,Finance,Financial Analyst,Leadership,Chennai,Full-time,2025-08-29,1-3 Years,25-34,Women,Standard,25L+,4414752.88,4,Not Promoted,Not Eligible,Yes,34,78,75,86,68,2,Lateral Move,Active,None,None,Employee Referral,2026-Q2
EMP00310,Engineering,Software Engineer,Mid-Level,Kolkata,Contract,2022-09-22,3-5 Years,25-34,Men,Standard,5L-10L,961466.36,3,Not Promoted,Eligible,No,39,69,64,86,75,2,Department Transfer,Active,None,None,Campus,2026-Q3
EMP00311,Operations,Operations Analyst,Manager,Kolkata,Full-time,2026-04-20,0-1 Years,45-54,Men,Standard,15L-25L,2241776.98,2,Not Promoted,Not Eligible,Yes,9,64,72,88,58,6,Lateral Move,Active,None,None,Company Website,2026-Q1
EMP00312,IT,IT Support Specialist,Junior,Pune,Full-time,2020-12-28,5-10 Years,18-24,Prefer Not to Say,Not Collected,5L-10L,708225.38,3,Not Promoted,Eligible,No,29,62,73,58,56,1,Promotion,Active,None,None,Professional Network,2026-Q3
EMP00313,Finance,Financial Analyst,Junior,Pune,Contract,2023-03-21,3-5 Years,25-34,Non-binary,Standard,5L-10L,720141.02,4,Not Promoted,Eligible,No,24,67,76,69,57,6,Department Transfer,Active,None,None,Company Website,2026-Q1
EMP00314,Marketing,Marketing Specialist,Senior,Guwahati,Full-time,2024-03-05,1-3 Years,35-44,Men,Standard,15L-25L,1572975.4,4,Not Promoted,Eligible,No,28,74,57,91,69,4,Lateral Move,Active,None,None,Campus,2025-Q4
EMP00315,Customer Success,Customer Success Manager,Manager,Chennai,Full-time,2020-07-24,5-10 Years,35-44,Women,Standard,15L-25L,1960440.2,3,Not Promoted,Eligible,Yes,17,67,78,36,84,4,Lateral Move,Active,None,None,Employee Referral,2026-Q3
EMP00316,Customer Success,Customer Success Manager,Senior,Bengaluru,Full-time,2024-01-14,1-3 Years,25-34,Women,Standard,15L-25L,1557499.7,4,Not Promoted,Eligible,No,24,79,85,70,76,4,Department Transfer,Active,None,None,Company Website,2026-Q3
EMP00317,Engineering,Software Engineer,Entry Level,Pune,Full-time,2025-01-08,1-3 Years,25-34,Women,Standard,Below 5L,468179.16,2,Not Promoted,Not Eligible,No,15,59,68,56,51,5,None,Active,None,None,Employee Referral,2026-Q2
EMP00318,Marketing,Marketing Specialist,Entry Level,Guwahati,Full-time,2025-04-25,1-3 Years,25-34,Men,Standard,Below 5L,448008.24,3,Not Promoted,Not Eligible,No,42,64,70,69,70,2,Department Transfer,Active,None,None,Campus,2026-Q3
EMP00319,Sales,Sales Executive,Junior,Guwahati,Full-time,2020-02-08,5-10 Years,25-34,Women,Standard,5L-10L,630604.98,4,Not Promoted,Eligible,No,12,68,56,65,85,1,Lateral Move,Active,None,None,Agency,2026-Q3
EMP00320,Marketing,Marketing Specialist,Manager,Pune,Full-time,2019-04-11,5-10 Years,25-34,Men,Standard,15L-25L,1824674.12,3,Not Promoted,Eligible,Yes,51,74,79,69,76,4,Promotion,Active,None,None,Job Portal,2025-Q4
EMP00321,Marketing,Marketing Specialist,Junior,Pune,Full-time,2022-07-01,3-5 Years,35-44,Men,Standard,5L-10L,731792.34,5,Not Promoted,Eligible,No,33,73,94,71,55,6,Lateral Move,Active,None,None,Campus,2026-Q3
EMP00322,Sales,Sales Executive,Junior,Chennai,Full-time,2024-01-28,1-3 Years,25-34,Men,Standard,5L-10L,600708.5,3,Not Promoted,Eligible,No,7,79,80,83,79,3,Promotion,Exited,Voluntary,Career Growth,Campus,2025-Q4
EMP00323,Marketing,Marketing Specialist,Manager,Delhi NCR,Full-time,2024-10-14,1-3 Years,25-34,Men,Standard,15L-25L,1992637.68,4,Promoted,Eligible,Yes,29,67,80,51,70,4,Lateral Move,Active,None,None,Agency,2026-Q3
EMP00324,Finance,Financial Analyst,Mid-Level,Kolkata,Full-time,2026-01-23,0-1 Years,45-54,Men,Standard,10L-15L,1046044.04,4,Not Promoted,Not Eligible,No,41,72,71,65,83,5,Lateral Move,Active,None,None,Professional Network,2026-Q3
EMP00325,Customer Success,Customer Success Manager,Senior,Guwahati,Full-time,2025-11-20,0-1 Years,25-34,Prefer Not to Say,Not Collected,10L-15L,1480207.34,3,Not Promoted,Not Eligible,No,37,87,82,91,92,4,Lateral Move,Active,None,None,Agency,2026-Q3
EMP00326,Engineering,Software Engineer,Manager,Delhi NCR,Full-time,2021-04-22,5-10 Years,18-24,Men,Standard,15L-25L,2012005.02,3,Not Promoted,Eligible,Yes,8,70,80,81,80,2,None,Active,None,None,Company Website,2026-Q1
EMP00327,Operations,Operations Analyst,Mid-Level,Pune,Full-time,2021-03-18,5-10 Years,35-44,Men,Standard,5L-10L,905265.32,4,Not Promoted,Eligible,No,18,77,71,69,78,5,Promotion,Active,None,None,Agency,2026-Q2
EMP00328,Customer Success,Customer Success Manager,Junior,Kolkata,Full-time,2025-08-01,1-3 Years,45-54,Men,Standard,5L-10L,704523.72,4,Promoted,Eligible,No,9,71,73,89,84,3,Promotion,Active,None,None,Company Website,2026-Q1
EMP00329,HR,HR Analyst,Junior,Bengaluru,Full-time,2026-07-15,0-1 Years,35-44,Women,Standard,5L-10L,683205.84,3,Not Promoted,Not Eligible,No,21,80,87,88,56,1,Lateral Move,Active,None,None,Employee Referral,2026-Q2
EMP00330,Sales,Sales Executive,Senior,Mumbai,Full-time,2023-03-10,3-5 Years,25-34,Men,Standard,15L-25L,1596780.72,3,Not Promoted,Eligible,No,23,70,80,63,63,2,Department Transfer,Active,None,None,Employee Referral,2026-Q3
EMP00331,Customer Success,Customer Success Manager,Senior,Mumbai,Full-time,2024-06-16,1-3 Years,45-54,Men,Standard,10L-15L,1395616.68,4,Not Promoted,Eligible,No,11,77,88,58,80,3,Lateral Move,Active,None,None,Agency,2026-Q2
EMP00332,Marketing,Marketing Specialist,Mid-Level,Mumbai,Contract,2022-07-12,3-5 Years,35-44,Women,Standard,5L-10L,933718.66,3,Not Promoted,Eligible,No,22,88,86,95,67,4,None,Active,None,None,Job Portal,2026-Q3
EMP00333,Marketing,Marketing Specialist,Mid-Level,Delhi NCR,Full-time,2023-04-22,3-5 Years,45-54,Women,Standard,10L-15L,1007720,3,Not Promoted,Eligible,No,31,71,67,73,82,3,Department Transfer,Active,None,None,Agency,2026-Q3
EMP00334,IT,IT Support Specialist,Junior,Chennai,Full-time,2020-11-16,5-10 Years,35-44,Women,Standard,5L-10L,664905.22,3,Promoted,Eligible,No,34,85,92,57,100,3,None,Active,None,None,Employee Referral,2026-Q2
EMP00335,Engineering,Software Engineer,Mid-Level,Hyderabad,Part-time,2021-07-09,5-10 Years,45-54,Men,Standard,10L-15L,1048560.98,4,Not Promoted,Eligible,No,14,79,85,71,78,6,Lateral Move,Active,None,None,Company Website,2026-Q3
EMP00336,Sales,Sales Executive,Junior,Bengaluru,Full-time,2022-01-02,3-5 Years,45-54,Women,Standard,5L-10L,707228.28,4,Not Promoted,Eligible,No,38,72,86,61,76,3,Promotion,Active,None,None,Job Portal,2026-Q3
EMP00337,Finance,Financial Analyst,Senior,Kolkata,Full-time,2020-02-24,5-10 Years,18-24,Men,Standard,15L-25L,1531152.66,3,Not Promoted,Eligible,No,38,73,61,92,77,3,Lateral Move,Active,None,None,Job Portal,2026-Q3
EMP00338,HR,HR Analyst,Junior,Pune,Full-time,2019-12-23,5-10 Years,18-24,Women,Standard,5L-10L,663790.12,3,Not Promoted,Eligible,No,49,72,69,84,79,6,None,Active,None,None,Employee Referral,2026-Q1
EMP00339,Operations,Operations Analyst,Mid-Level,Kolkata,Full-time,2020-11-10,5-10 Years,25-34,Women,Standard,5L-10L,983331.76,4,Not Promoted,Eligible,No,44,77,74,91,73,6,Lateral Move,Active,None,None,Job Portal,2026-Q2
EMP00340,HR,HR Analyst,Junior,Mumbai,Full-time,2022-08-18,3-5 Years,25-34,Women,Standard,5L-10L,702554.3,5,Not Promoted,Eligible,No,21,64,76,69,90,0,Promotion,Active,None,None,Campus,2025-Q4
EMP00341,Marketing,Marketing Specialist,Mid-Level,Kolkata,Full-time,2019-08-31,5-10 Years,35-44,Women,Standard,10L-15L,1019734.76,3,Not Promoted,Eligible,No,11,67,80,82,61,5,Lateral Move,Active,None,None,Employee Referral,2026-Q1
EMP00342,Marketing,Marketing Specialist,Senior,Pune,Full-time,2021-10-10,3-5 Years,25-34,Prefer Not to Say,Not Collected,10L-15L,1439096.14,5,Not Promoted,Eligible,No,20,92,96,68,74,2,Department Transfer,Active,None,None,Company Website,2026-Q2
EMP00343,Customer Success,Customer Success Manager,Senior Manager,Kolkata,Full-time,2024-01-26,1-3 Years,25-34,Non-binary,Standard,25L+,3043177.52,5,Promoted,Eligible,Yes,34,73,66,77,67,3,None,Active,None,None,Professional Network,2026-Q2
EMP00344,Operations,Operations Analyst,Senior,Chennai,Full-time,2024-06-22,1-3 Years,18-24,Men,Standard,10L-15L,1428436.02,4,Not Promoted,Eligible,No,8,70,81,60,86,4,None,Active,None,None,Professional Network,2025-Q4
EMP00345,IT,IT Support Specialist,Mid-Level,Pune,Full-time,2019-09-17,5-10 Years,25-34,Prefer Not to Say,Not Collected,10L-15L,1035280.08,4,Not Promoted,Eligible,No,19,56,67,65,57,1,Department Transfer,Active,None,None,Agency,2026-Q1
EMP00346,IT,IT Support Specialist,Entry Level,Hyderabad,Full-time,2022-08-15,3-5 Years,25-34,Men,Standard,Below 5L,422939.14,4,Not Promoted,Not Eligible,No,21,72,70,75,59,7,Promotion,Active,None,None,Company Website,2026-Q1
EMP00347,IT,IT Support Specialist,Senior Manager,Pune,Contract,2026-08-27,0-1 Years,45-54,Women,Standard,25L+,2997019.46,4,Not Promoted,Not Eligible,Yes,44,86,71,67,86,2,None,Exited,Voluntary,Relocation,Job Portal,2025-Q4
EMP00348,Marketing,Marketing Specialist,Senior,Chennai,Full-time,2024-02-13,1-3 Years,18-24,Prefer Not to Say,Not Collected,15L-25L,1573596.08,4,Promoted,Eligible,No,29,80,88,80,77,2,Department Transfer,Active,None,None,Professional Network,2026-Q1
EMP00349,HR,HR Analyst,Senior,Mumbai,Full-time,2022-01-27,3-5 Years,25-34,Men,Standard,10L-15L,1489493.94,3,Promoted,Eligible,No,29,64,74,59,81,2,Promotion,Active,None,None,Campus,2026-Q1
EMP00350,Engineering,Software Engineer,Manager,Kolkata,Full-time,2026-01-06,0-1 Years,25-34,Prefer Not to Say,Not Collected,15L-25L,2161572.38,5,Not Promoted,Not Eligible,Yes,34,68,79,59,66,4,Promotion,Active,None,None,Employee Referral,2026-Q3
EMP00351,Sales,Sales Executive,Junior,Bengaluru,Part-time,2019-01-05,5-10 Years,35-44,Women,Standard,5L-10L,690825.1,3,Not Promoted,Eligible,No,42,71,68,82,61,3,None,Active,None,None,Employee Referral,2026-Q3
EMP00352,Engineering,Software Engineer,Entry Level,Guwahati,Full-time,2022-11-08,3-5 Years,35-44,Women,Standard,5L-10L,512245.08,3,Not Promoted,Not Eligible,No,31,84,92,74,77,5,None,Active,None,None,Agency,2026-Q1
EMP00353,IT,IT Support Specialist,Mid-Level,Bengaluru,Full-time,2021-07-26,5-10 Years,25-34,Men,Standard,5L-10L,966525.02,2,Not Promoted,Eligible,No,9,78,81,73,94,1,None,Active,None,None,Campus,2026-Q2
EMP00354,Marketing,Marketing Specialist,Mid-Level,Kolkata,Full-time,2020-06-29,5-10 Years,25-34,Women,Standard,5L-10L,937665.76,5,Not Promoted,Eligible,No,50,64,66,47,75,3,Lateral Move,Exited,Voluntary,Personal Reasons,Professional Network,2026-Q1
EMP00355,IT,IT Support Specialist,Junior,Pune,Full-time,2021-05-22,5-10 Years,25-34,Women,Standard,5L-10L,645293.62,4,Not Promoted,Eligible,No,11,76,79,69,81,5,Lateral Move,Active,None,None,Company Website,2026-Q3
EMP00356,Finance,Financial Analyst,Entry Level,Bengaluru,Full-time,2020-02-16,5-10 Years,55+,Non-binary,Standard,Below 5L,419744.88,4,Not Promoted,Not Eligible,No,25,80,55,78,89,3,Lateral Move,Active,None,None,Company Website,2026-Q3
EMP00357,Operations,Operations Analyst,Entry Level,Kolkata,Full-time,2022-07-12,3-5 Years,35-44,Prefer Not to Say,Not Collected,Below 5L,473987.12,5,Not Promoted,Not Eligible,No,18,63,70,63,59,3,Lateral Move,Active,None,None,Professional Network,2025-Q4
EMP00358,Finance,Financial Analyst,Senior Manager,Hyderabad,Full-time,2019-04-20,5-10 Years,25-34,Men,Standard,25L+,2700215.24,3,Not Promoted,Eligible,Yes,34,72,81,79,77,5,Promotion,Active,None,None,Company Website,2026-Q1
EMP00359,Customer Success,Customer Success Manager,Entry Level,Hyderabad,Full-time,2026-03-31,0-1 Years,35-44,Women,Standard,Below 5L,445362.68,4,Not Promoted,Not Eligible,No,24,65,79,60,67,3,None,Active,None,None,Employee Referral,2026-Q3
EMP00360,Customer Success,Customer Success Manager,Manager,Bengaluru,Full-time,2021-09-14,5-10 Years,35-44,Men,Standard,15L-25L,2085775.08,3,Not Promoted,Eligible,Yes,32,69,88,52,73,1,None,Active,None,None,Job Portal,2026-Q2
EMP00361,Operations,Operations Analyst,Manager,Mumbai,Full-time,2023-05-04,3-5 Years,25-34,Women,Standard,15L-25L,2126275.04,3,Not Promoted,Eligible,Yes,52,78,85,76,81,1,Department Transfer,Active,None,None,Professional Network,2026-Q1
EMP00362,IT,IT Support Specialist,Entry Level,Bengaluru,Full-time,2019-03-10,5-10 Years,45-54,Women,Standard,Below 5L,491664.7,3,Not Promoted,Not Eligible,No,31,60,63,52,76,1,None,Exited,Voluntary,Career Growth,Agency,2026-Q2
EMP00363,Customer Success,Customer Success Manager,Mid-Level,Kolkata,Full-time,2023-07-06,3-5 Years,25-34,Men,Standard,5L-10L,878742.46,2,Promoted,Eligible,No,32,67,70,62,84,1,Lateral Move,Active,None,None,Campus,2025-Q4
EMP00364,Finance,Financial Analyst,Leadership,Mumbai,Full-time,2025-01-06,1-3 Years,35-44,Women,Standard,25L+,4733286.8,4,Not Promoted,Not Eligible,Yes,48,76,72,59,82,5,Promotion,Active,None,None,Professional Network,2025-Q4
EMP00365,HR,HR Analyst,Senior,Kolkata,Full-time,2021-09-04,5-10 Years,25-34,Men,Standard,15L-25L,1516113.56,4,Promoted,Eligible,No,27,70,65,67,64,0,None,Active,None,None,Job Portal,2026-Q3
EMP00366,Engineering,Software Engineer,Senior,Hyderabad,Full-time,2026-06-21,0-1 Years,25-34,Men,Standard,10L-15L,1208479.3,4,Not Promoted,Not Eligible,No,42,74,87,55,84,2,Lateral Move,Active,None,None,Professional Network,2026-Q1
EMP00367,Engineering,Software Engineer,Senior,Mumbai,Full-time,2024-07-26,1-3 Years,45-54,Women,Standard,10L-15L,1498385.24,3,Not Promoted,Eligible,No,46,78,80,62,85,5,Promotion,Active,None,None,Employee Referral,2026-Q2
EMP00368,Sales,Sales Executive,Junior,Guwahati,Part-time,2022-10-04,3-5 Years,25-34,Men,Standard,5L-10L,672204.7,4,Not Promoted,Eligible,No,23,59,88,65,68,4,Promotion,Active,None,None,Campus,2025-Q4
EMP00369,IT,IT Support Specialist,Mid-Level,Chennai,Full-time,2024-09-23,1-3 Years,25-34,Women,Standard,5L-10L,891039.24,4,Not Promoted,Eligible,No,31,84,74,81,96,1,Department Transfer,Active,None,None,Employee Referral,2026-Q2
EMP00370,Marketing,Marketing Specialist,Mid-Level,Hyderabad,Full-time,2020-02-26,5-10 Years,25-34,Women,Standard,10L-15L,1138156.02,3,Not Promoted,Eligible,No,34,90,68,73,85,2,None,Active,None,None,Company Website,2025-Q4
EMP00371,Engineering,Software Engineer,Junior,Guwahati,Full-time,2021-09-28,3-5 Years,25-34,Women,Standard,5L-10L,744595.34,4,Promoted,Eligible,No,24,75,90,71,73,3,Promotion,Active,None,None,Employee Referral,2026-Q1
EMP00372,Engineering,Software Engineer,Mid-Level,Kolkata,Contract,2021-07-08,5-10 Years,25-34,Prefer Not to Say,Not Collected,5L-10L,975004.5,4,Not Promoted,Eligible,No,27,66,70,76,57,4,Department Transfer,Active,None,None,Campus,2026-Q2
EMP00373,Sales,Sales Executive,Mid-Level,Pune,Full-time,2020-05-04,5-10 Years,25-34,Men,Standard,10L-15L,1023816.38,4,Not Promoted,Eligible,No,36,96,100,100,68,4,None,Active,None,None,Company Website,2025-Q4
EMP00374,Customer Success,Customer Success Manager,Senior,Bengaluru,Contract,2024-03-20,1-3 Years,25-34,Women,Standard,10L-15L,1389205.74,3,Not Promoted,Eligible,No,5,81,81,84,74,2,Promotion,Active,None,None,Company Website,2026-Q3
EMP00375,Engineering,Software Engineer,Mid-Level,Pune,Full-time,2021-04-01,5-10 Years,45-54,Men,Standard,5L-10L,963965.6,3,Not Promoted,Eligible,No,24,70,88,69,60,6,Promotion,Active,None,None,Employee Referral,2026-Q3
EMP00376,Operations,Operations Analyst,Junior,Chennai,Contract,2021-03-11,5-10 Years,25-34,Men,Standard,5L-10L,598565.62,5,Not Promoted,Eligible,No,35,98,94,75,97,1,Lateral Move,Active,None,None,Agency,2025-Q4
EMP00377,Finance,Financial Analyst,Mid-Level,Pune,Full-time,2026-02-17,0-1 Years,35-44,Women,Standard,5L-10L,979448.38,3,Not Promoted,Not Eligible,No,33,65,76,64,76,6,None,Active,None,None,Job Portal,2026-Q3
EMP00378,HR,HR Analyst,Entry Level,Bengaluru,Full-time,2021-04-20,5-10 Years,35-44,Women,Standard,5L-10L,539027.54,3,Not Promoted,Not Eligible,No,28,82,88,80,79,3,Lateral Move,Active,None,None,Job Portal,2026-Q1
EMP00379,HR,HR Analyst,Mid-Level,Bengaluru,Full-time,2019-06-29,5-10 Years,25-34,Men,Standard,5L-10L,970752.96,3,Not Promoted,Eligible,No,26,80,82,95,69,3,Department Transfer,Active,None,None,Campus,2026-Q3
EMP00380,Sales,Sales Executive,Junior,Bengaluru,Full-time,2024-09-01,1-3 Years,18-24,Women,Standard,5L-10L,675075.64,3,Not Promoted,Eligible,No,27,82,77,75,82,1,Department Transfer,Active,None,None,Company Website,2025-Q4
EMP00381,Customer Success,Customer Success Manager,Manager,Mumbai,Full-time,2021-08-27,5-10 Years,25-34,Men,Standard,15L-25L,2131011.56,4,Not Promoted,Eligible,Yes,29,70,70,66,83,2,Promotion,Active,None,None,Agency,2026-Q2
EMP00382,Operations,Operations Analyst,Manager,Chennai,Full-time,2022-01-18,3-5 Years,45-54,Men,Standard,15L-25L,2210653.3,4,Not Promoted,Eligible,Yes,23,76,76,86,62,4,Lateral Move,Active,None,None,Company Website,2025-Q4
EMP00383,Marketing,Marketing Specialist,Mid-Level,Bengaluru,Full-time,2020-11-04,5-10 Years,25-34,Women,Standard,5L-10L,992291.5,2,Not Promoted,Eligible,No,26,78,76,84,88,1,Promotion,Active,None,None,Company Website,2026-Q2
EMP00384,Finance,Financial Analyst,Junior,Chennai,Full-time,2022-06-16,3-5 Years,25-34,Women,Standard,5L-10L,623036.46,4,Not Promoted,Eligible,No,49,61,60,49,75,2,None,Active,None,None,Professional Network,2026-Q2
EMP00385,Engineering,Software Engineer,Senior,Delhi NCR,Contract,2022-09-04,3-5 Years,25-34,Women,Standard,15L-25L,1552773.8,4,Promoted,Eligible,No,31,58,68,63,47,1,Lateral Move,Active,None,None,Agency,2025-Q4
EMP00386,HR,HR Analyst,Junior,Hyderabad,Full-time,2020-12-13,5-10 Years,35-44,Men,Standard,5L-10L,749242.18,3,Promoted,Eligible,No,23,91,79,71,89,4,Department Transfer,Active,None,None,Company Website,2026-Q1
EMP00387,Sales,Sales Executive,Entry Level,Chennai,Full-time,2020-02-22,5-10 Years,25-34,Men,Standard,Below 5L,486175.34,4,Not Promoted,Not Eligible,No,31,80,69,67,62,3,Lateral Move,Active,None,None,Job Portal,2026-Q1
EMP00388,Marketing,Marketing Specialist,Manager,Delhi NCR,Full-time,2023-06-29,3-5 Years,35-44,Men,Standard,15L-25L,1917238.04,5,Not Promoted,Eligible,Yes,44,82,65,70,80,4,None,Active,None,None,Campus,2025-Q4
EMP00389,Engineering,Software Engineer,Mid-Level,Bengaluru,Full-time,2021-03-20,5-10 Years,25-34,Men,Standard,5L-10L,952826.4,4,Not Promoted,Eligible,No,38,75,73,78,84,3,Department Transfer,Active,None,None,Job Portal,2026-Q2
EMP00390,Sales,Sales Executive,Mid-Level,Guwahati,Full-time,2024-03-03,1-3 Years,25-34,Women,Standard,5L-10L,927030.42,4,Promoted,Eligible,No,7,67,52,64,82,4,Department Transfer,Active,None,None,Agency,2026-Q3
EMP00391,Engineering,Software Engineer,Mid-Level,Kolkata,Full-time,2026-08-30,0-1 Years,18-24,Women,Standard,5L-10L,881547.32,4,Not Promoted,Not Eligible,No,43,73,100,58,85,3,Department Transfer,Active,None,None,Employee Referral,2026-Q1
EMP00392,HR,HR Analyst,Mid-Level,Hyderabad,Full-time,2024-01-01,1-3 Years,25-34,Men,Standard,5L-10L,886578.84,4,Not Promoted,Eligible,No,35,85,95,79,62,5,None,Active,None,None,Company Website,2026-Q1
EMP00393,HR,HR Analyst,Mid-Level,Chennai,Full-time,2023-08-15,3-5 Years,25-34,Men,Standard,10L-15L,1021429.24,4,Not Promoted,Eligible,No,25,76,72,85,83,3,Department Transfer,Exited,Voluntary,Compensation,Agency,2026-Q1
EMP00394,Finance,Financial Analyst,Manager,Guwahati,Full-time,2023-04-16,3-5 Years,25-34,Men,Standard,15L-25L,1930259.34,3,Not Promoted,Eligible,Yes,40,64,70,70,58,3,Promotion,Active,None,None,Agency,2026-Q2
EMP00395,Operations,Operations Analyst,Senior Manager,Kolkata,Full-time,2022-01-12,3-5 Years,45-54,Women,Standard,25L+,3125547.42,4,Promoted,Eligible,Yes,40,80,77,67,79,4,Promotion,Active,None,None,Job Portal,2026-Q2
EMP00396,Engineering,Software Engineer,Senior,Chennai,Contract,2024-12-08,1-3 Years,25-34,Women,Standard,10L-15L,1425660.66,3,Not Promoted,Eligible,No,24,76,86,65,82,1,Lateral Move,Active,None,None,Job Portal,2026-Q1
EMP00397,Finance,Financial Analyst,Manager,Hyderabad,Full-time,2024-12-25,1-3 Years,25-34,Women,Standard,15L-25L,2202626.94,3,Not Promoted,Eligible,Yes,41,73,77,71,71,4,None,Active,None,None,Employee Referral,2026-Q3
EMP00398,Operations,Operations Analyst,Manager,Mumbai,Full-time,2020-12-22,5-10 Years,25-34,Women,Standard,15L-25L,2225003.28,2,Not Promoted,Eligible,Yes,34,71,77,75,77,1,Promotion,Active,None,None,Professional Network,2026-Q2
EMP00399,Engineering,Software Engineer,Junior,Pune,Full-time,2025-05-14,1-3 Years,35-44,Women,Standard,5L-10L,654462.22,5,Not Promoted,Eligible,No,13,63,62,59,76,8,Lateral Move,Active,None,None,Agency,2026-Q2
EMP00400,Marketing,Marketing Specialist,Junior,Chennai,Full-time,2019-06-05,5-10 Years,45-54,Women,Standard,5L-10L,704991,4,Promoted,Eligible,No,17,66,71,60,64,3,Lateral Move,Active,None,None,Job Portal,2026-Q3
EMP00401,Engineering,Software Engineer,Entry Level,Pune,Contract,2025-11-20,0-1 Years,25-34,Women,Standard,5L-10L,557630.24,3,Not Promoted,Not Eligible,No,41,70,58,79,73,1,Lateral Move,Active,None,None,Campus,2026-Q1
EMP00402,Operations,Operations Analyst,Junior,Guwahati,Full-time,2019-03-31,5-10 Years,35-44,Women,Standard,5L-10L,638553.46,4,Promoted,Eligible,No,35,74,78,64,87,2,Lateral Move,Active,None,None,Company Website,2026-Q2
EMP00403,Sales,Sales Executive,Senior,Pune,Full-time,2026-06-05,0-1 Years,25-34,Men,Standard,10L-15L,1404130.38,2,Not Promoted,Not Eligible,No,21,61,61,74,62,7,Department Transfer,Active,None,None,Campus,2026-Q2
EMP00404,Operations,Operations Analyst,Junior,Mumbai,Full-time,2020-10-07,5-10 Years,35-44,Women,Standard,5L-10L,591279.12,4,Not Promoted,Eligible,No,20,81,75,89,81,2,Department Transfer,Active,None,None,Agency,2026-Q2
EMP00405,Marketing,Marketing Specialist,Junior,Pune,Full-time,2021-07-03,5-10 Years,35-44,Men,Standard,5L-10L,711951.82,3,Not Promoted,Eligible,No,51,72,89,72,71,4,Lateral Move,Active,None,None,Professional Network,2026-Q2
EMP00406,Marketing,Marketing Specialist,Senior Manager,Mumbai,Full-time,2019-01-08,5-10 Years,35-44,Women,Standard,25L+,2846983.64,2,Not Promoted,Eligible,Yes,37,77,81,77,73,3,Department Transfer,Active,None,None,Company Website,2025-Q4
EMP00407,Marketing,Marketing Specialist,Manager,Pune,Full-time,2025-11-09,0-1 Years,25-34,Men,Standard,15L-25L,2039764.52,3,Not Promoted,Not Eligible,Yes,32,97,91,99,82,6,Lateral Move,Active,None,None,Job Portal,2026-Q3
EMP00408,Marketing,Marketing Specialist,Mid-Level,Pune,Full-time,2019-11-15,5-10 Years,18-24,Men,Standard,5L-10L,890307.64,4,Not Promoted,Eligible,No,1,84,94,68,83,1,Promotion,Active,None,None,Job Portal,2026-Q2
EMP00409,IT,IT Support Specialist,Mid-Level,Guwahati,Contract,2021-12-22,3-5 Years,45-54,Men,Standard,5L-10L,930114.94,2,Not Promoted,Eligible,No,13,71,74,63,67,2,None,Active,None,None,Job Portal,2025-Q4
EMP00410,Engineering,Software Engineer,Mid-Level,Kolkata,Full-time,2023-11-30,1-3 Years,25-34,Women,Standard,5L-10L,991310.92,4,Not Promoted,Eligible,No,35,57,61,54,68,3,Lateral Move,Active,None,None,Agency,2026-Q3
EMP00411,Operations,Operations Analyst,Mid-Level,Kolkata,Part-time,2020-02-20,5-10 Years,18-24,Women,Standard,10L-15L,1062436.6,3,Not Promoted,Eligible,No,43,82,78,71,100,0,Lateral Move,Active,None,None,Job Portal,2025-Q4
EMP00412,HR,HR Analyst,Junior,Guwahati,Full-time,2022-07-29,3-5 Years,35-44,Women,Standard,5L-10L,684333.92,3,Not Promoted,Eligible,No,53,71,69,83,97,4,None,Active,None,None,Employee Referral,2026-Q3
EMP00413,Marketing,Marketing Specialist,Senior Manager,Bengaluru,Full-time,2025-02-18,1-3 Years,18-24,Men,Standard,25L+,2877245.92,2,Not Promoted,Eligible,Yes,38,84,90,73,86,2,None,Active,None,None,Company Website,2026-Q3
EMP00414,Engineering,Software Engineer,Senior Manager,Kolkata,Contract,2026-05-01,0-1 Years,35-44,Men,Standard,25L+,2836449.78,3,Not Promoted,Not Eligible,Yes,42,69,72,75,62,2,Lateral Move,Active,None,None,Agency,2026-Q1
EMP00415,Engineering,Software Engineer,Senior,Bengaluru,Full-time,2022-09-18,3-5 Years,25-34,Men,Standard,15L-25L,1651045.38,4,Promoted,Eligible,No,47,84,80,89,68,3,Lateral Move,Active,None,None,Company Website,2026-Q2
EMP00416,HR,HR Analyst,Junior,Hyderabad,Full-time,2021-08-30,5-10 Years,45-54,Women,Standard,5L-10L,754232.4,3,Promoted,Eligible,No,32,72,89,51,81,0,Department Transfer,Active,None,None,Agency,2026-Q1
EMP00417,Engineering,Software Engineer,Junior,Pune,Contract,2019-01-16,5-10 Years,25-34,Men,Standard,5L-10L,702403.26,3,Not Promoted,Eligible,No,47,78,68,71,86,4,Promotion,Active,None,None,Professional Network,2026-Q3
EMP00418,Finance,Financial Analyst,Senior Manager,Bengaluru,Full-time,2019-04-16,5-10 Years,45-54,Men,Standard,25L+,3273154.8,3,Not Promoted,Eligible,Yes,7,74,75,69,81,3,Promotion,Active,None,None,Agency,2025-Q4
EMP00419,HR,HR Analyst,Mid-Level,Kolkata,Full-time,2024-04-12,1-3 Years,35-44,Men,Standard,5L-10L,917682.46,4,Not Promoted,Eligible,No,19,84,86,75,80,5,Promotion,Active,None,None,Company Website,2026-Q3
EMP00420,Marketing,Marketing Specialist,Mid-Level,Pune,Full-time,2023-04-12,3-5 Years,35-44,Women,Standard,5L-10L,934983.62,3,Not Promoted,Eligible,No,46,84,93,86,74,3,Department Transfer,Exited,Voluntary,Workload,Employee Referral,2026-Q2
EMP00421,Engineering,Software Engineer,Mid-Level,Mumbai,Part-time,2026-06-26,0-1 Years,35-44,Women,Standard,5L-10L,969728.72,3,Not Promoted,Not Eligible,No,28,73,58,67,59,5,None,Exited,Voluntary,Personal Reasons,Agency,2026-Q1
EMP00422,Engineering,Software Engineer,Mid-Level,Kolkata,Full-time,2024-11-10,1-3 Years,25-34,Men,Standard,5L-10L,976665.94,4,Not Promoted,Eligible,No,44,68,80,67,65,3,Department Transfer,Active,None,None,Employee Referral,2026-Q3
EMP00423,HR,HR Analyst,Junior,Bengaluru,Full-time,2023-06-06,3-5 Years,35-44,Women,Standard,5L-10L,616148.8,3,Not Promoted,Eligible,No,28,68,55,78,64,6,None,Active,None,None,Company Website,2026-Q1
EMP00424,Sales,Sales Executive,Leadership,Chennai,Full-time,2020-12-09,5-10 Years,45-54,Women,Standard,25L+,4465763.1,3,Not Promoted,Not Eligible,Yes,37,67,70,73,52,7,Lateral Move,Active,None,None,Employee Referral,2026-Q1
EMP00425,Engineering,Software Engineer,Mid-Level,Kolkata,Full-time,2019-11-17,5-10 Years,35-44,Women,Standard,5L-10L,964308.98,4,Not Promoted,Eligible,No,32,68,79,71,81,3,Department Transfer,Active,None,None,Professional Network,2026-Q1
EMP00426,HR,HR Analyst,Junior,Pune,Full-time,2019-10-02,5-10 Years,35-44,Women,Standard,5L-10L,660312.66,3,Promoted,Eligible,No,0,67,59,59,78,0,Department Transfer,Active,None,None,Campus,2026-Q3
EMP00427,Engineering,Software Engineer,Mid-Level,Kolkata,Part-time,2020-04-05,5-10 Years,18-24,Women,Standard,10L-15L,1013378.1,4,Not Promoted,Eligible,No,20,71,77,78,65,3,Lateral Move,Active,None,None,Company Website,2025-Q4
EMP00428,Sales,Sales Executive,Entry Level,Bengaluru,Full-time,2022-03-17,3-5 Years,55+,Women,Standard,Below 5L,479955.56,3,Not Promoted,Not Eligible,No,13,68,92,56,74,2,Promotion,Active,None,None,Campus,2026-Q3
EMP00429,IT,IT Support Specialist,Senior Manager,Chennai,Full-time,2019-06-03,5-10 Years,35-44,Women,Standard,15L-25L,2478897.98,4,Promoted,Eligible,Yes,30,76,75,64,100,5,Department Transfer,Active,None,None,Company Website,2026-Q3
EMP00430,Engineering,Software Engineer,Senior,Kolkata,Full-time,2022-09-19,3-5 Years,25-34,Men,Standard,10L-15L,1378800.5,2,Not Promoted,Eligible,No,31,76,86,57,85,4,None,Active,None,None,Campus,2026-Q2
EMP00431,Engineering,Software Engineer,Mid-Level,Pune,Full-time,2022-05-26,3-5 Years,45-54,Men,Standard,5L-10L,953893.12,3,Not Promoted,Eligible,No,65,73,72,80,69,6,Department Transfer,Active,None,None,Professional Network,2025-Q4
EMP00432,Finance,Financial Analyst,Mid-Level,Mumbai,Full-time,2022-05-15,3-5 Years,25-34,Men,Standard,10L-15L,1055531.24,4,Not Promoted,Eligible,No,36,70,66,77,65,2,Department Transfer,Active,None,None,Campus,2026-Q2
EMP00433,Customer Success,Customer Success Manager,Senior,Bengaluru,Full-time,2021-02-08,5-10 Years,25-34,Women,Standard,10L-15L,1449146.2,4,Not Promoted,Eligible,No,14,71,90,66,56,1,Department Transfer,Active,None,None,Company Website,2026-Q2
EMP00434,Engineering,Software Engineer,Junior,Mumbai,Full-time,2019-09-26,5-10 Years,45-54,Women,Standard,5L-10L,745470.9,3,Not Promoted,Eligible,No,37,73,78,68,54,4,Department Transfer,Active,None,None,Company Website,2025-Q4
EMP00435,Marketing,Marketing Specialist,Senior,Delhi NCR,Full-time,2021-04-02,5-10 Years,25-34,Women,Standard,10L-15L,1439077.26,4,Not Promoted,Eligible,No,5,73,80,62,84,4,Lateral Move,Exited,Voluntary,Workload,Professional Network,2026-Q1
EMP00436,HR,HR Analyst,Senior,Pune,Full-time,2024-03-16,1-3 Years,25-34,Women,Standard,10L-15L,1377199.24,3,Not Promoted,Eligible,No,20,65,68,64,69,1,None,Active,None,None,Employee Referral,2026-Q2
EMP00437,IT,IT Support Specialist,Entry Level,Chennai,Full-time,2020-12-28,5-10 Years,35-44,Women,Standard,Below 5L,408366.14,4,Not Promoted,Not Eligible,No,18,70,79,42,93,6,Department Transfer,Active,None,None,Campus,2026-Q2
EMP00438,Marketing,Marketing Specialist,Mid-Level,Hyderabad,Contract,2020-01-06,5-10 Years,25-34,Women,Standard,5L-10L,857232.24,4,Not Promoted,Eligible,No,23,88,90,94,89,2,Department Transfer,Exited,Involuntary,Role Redundancy,Employee Referral,2026-Q1
EMP00439,Finance,Financial Analyst,Mid-Level,Hyderabad,Full-time,2026-04-22,0-1 Years,18-24,Men,Standard,5L-10L,963039.3,4,Not Promoted,Not Eligible,No,17,53,71,71,42,6,Department Transfer,Active,None,None,Professional Network,2025-Q4
EMP00440,IT,IT Support Specialist,Mid-Level,Mumbai,Part-time,2026-04-05,0-1 Years,18-24,Women,Standard,5L-10L,901901.14,3,Not Promoted,Not Eligible,No,33,81,82,99,78,7,Lateral Move,Active,None,None,Job Portal,2026-Q1
EMP00441,HR,HR Analyst,Entry Level,Hyderabad,Full-time,2026-03-17,0-1 Years,25-34,Men,Standard,5L-10L,501351.32,3,Not Promoted,Not Eligible,No,26,81,69,100,80,5,Promotion,Active,None,None,Agency,2026-Q2
EMP00442,IT,IT Support Specialist,Entry Level,Hyderabad,Full-time,2021-06-12,5-10 Years,45-54,Men,Standard,Below 5L,464030.28,4,Not Promoted,Not Eligible,No,36,56,62,51,62,3,Department Transfer,Active,None,None,Company Website,2026-Q3
EMP00443,Sales,Sales Executive,Entry Level,Guwahati,Full-time,2024-09-26,1-3 Years,45-54,Women,Standard,Below 5L,482106.7,4,Not Promoted,Not Eligible,No,48,80,64,100,69,3,Promotion,Active,None,None,Company Website,2026-Q2
EMP00444,HR,HR Analyst,Senior,Bengaluru,Full-time,2024-05-27,1-3 Years,25-34,Men,Standard,15L-25L,1531512.56,3,Promoted,Eligible,No,23,66,62,75,80,5,Promotion,Active,None,None,Campus,2026-Q2
EMP00445,HR,HR Analyst,Entry Level,Delhi NCR,Full-time,2020-09-06,5-10 Years,25-34,Men,Standard,Below 5L,478508.88,5,Not Promoted,Not Eligible,No,33,80,85,86,62,4,Lateral Move,Active,None,None,Company Website,2026-Q3
EMP00446,Operations,Operations Analyst,Mid-Level,Mumbai,Full-time,2019-04-15,5-10 Years,25-34,Women,Standard,5L-10L,892944.94,3,Not Promoted,Eligible,No,38,67,72,53,90,4,Promotion,Active,None,None,Agency,2026-Q3
EMP00447,Customer Success,Customer Success Manager,Senior,Guwahati,Full-time,2025-07-16,1-3 Years,45-54,Men,Standard,15L-25L,1543397.52,3,Not Promoted,Eligible,No,27,83,95,52,88,2,Lateral Move,Active,None,None,Professional Network,2026-Q1
EMP00448,IT,IT Support Specialist,Entry Level,Pune,Full-time,2024-09-08,1-3 Years,25-34,Men,Standard,Below 5L,412742.76,2,Not Promoted,Not Eligible,No,22,68,82,62,59,2,Promotion,Active,None,None,Professional Network,2026-Q1
EMP00449,HR,HR Analyst,Junior,Bengaluru,Full-time,2024-04-12,1-3 Years,35-44,Men,Standard,5L-10L,719194.66,4,Promoted,Eligible,No,24,89,100,69,78,4,Promotion,Active,None,None,Company Website,2026-Q1
EMP00450,Operations,Operations Analyst,Manager,Bengaluru,Full-time,2021-06-29,5-10 Years,35-44,Men,Standard,15L-25L,2205424.72,4,Not Promoted,Eligible,Yes,50,89,100,81,77,3,Promotion,Active,None,None,Campus,2026-Q2
EMP00451,HR,HR Analyst,Senior,Hyderabad,Full-time,2024-03-14,1-3 Years,45-54,Women,Standard,15L-25L,1507852.38,2,Not Promoted,Eligible,No,30,79,81,96,67,4,Department Transfer,Exited,Voluntary,Personal Reasons,Company Website,2025-Q4
EMP00452,IT,IT Support Specialist,Entry Level,Delhi NCR,Full-time,2024-08-11,1-3 Years,25-34,Men,Standard,Below 5L,466387.92,3,Not Promoted,Not Eligible,No,20,74,66,72,75,3,None,Active,None,None,Agency,2026-Q2
EMP00453,Customer Success,Customer Success Manager,Senior,Guwahati,Contract,2020-09-09,5-10 Years,18-24,Women,Standard,15L-25L,1521574.6,3,Not Promoted,Eligible,No,47,81,100,83,79,2,Lateral Move,Active,None,None,Company Website,2026-Q3
EMP00454,Marketing,Marketing Specialist,Senior,Pune,Full-time,2021-01-08,5-10 Years,35-44,Men,Standard,10L-15L,1483349.68,4,Not Promoted,Eligible,No,19,71,88,57,82,2,Department Transfer,Active,None,None,Employee Referral,2026-Q2
EMP00455,Engineering,Software Engineer,Senior,Guwahati,Full-time,2024-01-26,1-3 Years,45-54,Men,Standard,10L-15L,1495501.32,3,Not Promoted,Eligible,No,25,81,66,86,92,3,Lateral Move,Active,None,None,Employee Referral,2026-Q3
EMP00456,Sales,Sales Executive,Senior,Mumbai,Full-time,2025-11-21,0-1 Years,25-34,Women,Standard,15L-25L,1641995.96,4,Not Promoted,Not Eligible,No,28,59,42,89,51,1,Department Transfer,Active,None,None,Agency,2026-Q3
EMP00457,IT,IT Support Specialist,Senior,Kolkata,Full-time,2019-01-20,5-10 Years,25-34,Women,Standard,15L-25L,1585094,4,Promoted,Eligible,No,22,60,68,64,72,3,Lateral Move,Active,None,None,Job Portal,2026-Q2
EMP00458,Finance,Financial Analyst,Mid-Level,Guwahati,Full-time,2026-08-03,0-1 Years,45-54,Non-binary,Standard,5L-10L,947622.6,2,Not Promoted,Not Eligible,No,38,69,60,50,72,4,None,Active,None,None,Employee Referral,2026-Q1
EMP00459,Operations,Operations Analyst,Junior,Hyderabad,Full-time,2020-06-12,5-10 Years,45-54,Women,Standard,5L-10L,670779.26,3,Not Promoted,Eligible,No,47,88,86,86,73,2,Promotion,Active,None,None,Job Portal,2026-Q2
EMP00460,HR,HR Analyst,Senior,Chennai,Full-time,2024-11-01,1-3 Years,18-24,Men,Standard,10L-15L,1429831.96,4,Not Promoted,Eligible,No,36,51,75,49,55,2,Promotion,Active,None,None,Professional Network,2026-Q1
EMP00461,Operations,Operations Analyst,Entry Level,Chennai,Full-time,2023-01-11,3-5 Years,35-44,Women,Standard,Below 5L,450277.38,3,Not Promoted,Not Eligible,No,55,83,98,58,95,1,Lateral Move,Active,None,None,Agency,2025-Q4
EMP00462,Finance,Financial Analyst,Mid-Level,Delhi NCR,Part-time,2020-06-21,5-10 Years,45-54,Women,Standard,5L-10L,928086.52,3,Not Promoted,Eligible,No,12,58,65,52,77,6,None,Active,None,None,Employee Referral,2025-Q4
EMP00463,Operations,Operations Analyst,Manager,Guwahati,Full-time,2023-03-17,3-5 Years,25-34,Women,Standard,15L-25L,2002154.38,4,Not Promoted,Eligible,Yes,50,74,77,87,48,1,Promotion,Active,None,None,Company Website,2025-Q4
EMP00464,Engineering,Software Engineer,Entry Level,Bengaluru,Full-time,2026-05-01,0-1 Years,35-44,Women,Standard,Below 5L,427994.26,3,Not Promoted,Not Eligible,No,34,79,83,68,81,4,None,Exited,Voluntary,Relocation,Agency,2025-Q4
EMP00465,HR,HR Analyst,Junior,Chennai,Full-time,2020-09-19,5-10 Years,35-44,Men,Standard,5L-10L,659505.54,2,Not Promoted,Eligible,No,44,60,59,60,73,5,None,Active,None,None,Professional Network,2025-Q4
EMP00466,HR,HR Analyst,Senior Manager,Mumbai,Full-time,2023-09-12,3-5 Years,45-54,Men,Standard,25L+,2921211.54,3,Not Promoted,Eligible,Yes,46,69,76,59,72,1,None,Active,None,None,Company Website,2025-Q4
EMP00467,HR,HR Analyst,Mid-Level,Bengaluru,Part-time,2020-03-11,5-10 Years,35-44,Prefer Not to Say,Not Collected,5L-10L,890266.34,4,Not Promoted,Eligible,No,29,91,78,85,89,3,Lateral Move,Active,None,None,Company Website,2026-Q1
EMP00468,Operations,Operations Analyst,Manager,Kolkata,Full-time,2022-04-24,3-5 Years,45-54,Men,Standard,15L-25L,2021623.2,3,Not Promoted,Eligible,Yes,46,62,66,59,72,3,Department Transfer,Active,None,None,Professional Network,2026-Q3
EMP00469,Operations,Operations Analyst,Senior,Delhi NCR,Full-time,2019-01-12,5-10 Years,45-54,Women,Standard,10L-15L,1234861.74,4,Promoted,Eligible,No,18,74,86,73,77,6,None,Active,None,None,Company Website,2026-Q3
EMP00470,Marketing,Marketing Specialist,Senior Manager,Bengaluru,Full-time,2024-09-26,1-3 Years,35-44,Men,Standard,25L+,3367838,3,Promoted,Eligible,Yes,32,71,92,69,78,3,None,Active,None,None,Professional Network,2026-Q1
EMP00471,IT,IT Support Specialist,Entry Level,Hyderabad,Full-time,2021-12-17,3-5 Years,25-34,Women,Standard,Below 5L,456188,4,Not Promoted,Not Eligible,No,22,80,97,77,70,2,Department Transfer,Exited,Involuntary,Performance,Campus,2026-Q2
EMP00472,Operations,Operations Analyst,Leadership,Kolkata,Full-time,2020-04-19,5-10 Years,25-34,Men,Standard,25L+,4530574.6,3,Not Promoted,Not Eligible,Yes,29,77,100,60,60,3,None,Active,None,None,Job Portal,2025-Q4
EMP00473,Marketing,Marketing Specialist,Mid-Level,Mumbai,Full-time,2022-09-08,3-5 Years,35-44,Women,Standard,5L-10L,837074.3,2,Not Promoted,Eligible,No,38,78,89,67,85,4,Department Transfer,Active,None,None,Campus,2025-Q4
EMP00474,Operations,Operations Analyst,Entry Level,Pune,Full-time,2021-01-19,5-10 Years,55+,Men,Standard,Below 5L,453899.98,5,Not Promoted,Not Eligible,No,11,69,76,79,73,4,None,Active,None,None,Agency,2026-Q2
EMP00475,Customer Success,Customer Success Manager,Manager,Chennai,Full-time,2023-09-24,3-5 Years,25-34,Women,Standard,15L-25L,2180985.74,4,Not Promoted,Eligible,Yes,14,70,77,53,69,3,Lateral Move,Active,None,None,Professional Network,2025-Q4
EMP00476,Marketing,Marketing Specialist,Entry Level,Bengaluru,Full-time,2023-09-01,3-5 Years,18-24,Women,Standard,Below 5L,415603.08,3,Not Promoted,Not Eligible,No,34,84,82,91,76,1,Department Transfer,Active,None,None,Professional Network,2026-Q3
EMP00477,Marketing,Marketing Specialist,Mid-Level,Kolkata,Contract,2023-01-08,3-5 Years,25-34,Men,Standard,5L-10L,998593.88,3,Not Promoted,Eligible,No,12,85,93,80,74,2,Lateral Move,Active,None,None,Agency,2025-Q4
EMP00478,Customer Success,Customer Success Manager,Mid-Level,Chennai,Full-time,2019-07-08,5-10 Years,55+,Men,Standard,5L-10L,914264,3,Promoted,Eligible,No,15,61,48,69,71,3,Promotion,Exited,Involuntary,Role Redundancy,Professional Network,2026-Q2
EMP00479,Sales,Sales Executive,Manager,Kolkata,Full-time,2026-06-03,0-1 Years,35-44,Women,Standard,15L-25L,1930871.76,3,Not Promoted,Not Eligible,Yes,32,73,70,74,85,3,Lateral Move,Active,None,None,Professional Network,2026-Q3
EMP00480,Marketing,Marketing Specialist,Junior,Guwahati,Full-time,2019-02-17,5-10 Years,35-44,Women,Standard,5L-10L,617285.14,4,Not Promoted,Eligible,No,26,72,94,59,70,1,Lateral Move,Active,None,None,Agency,2026-Q3
EMP00481,Marketing,Marketing Specialist,Junior,Bengaluru,Full-time,2024-07-06,1-3 Years,18-24,Men,Standard,5L-10L,576666,4,Not Promoted,Eligible,No,62,65,79,59,64,3,Promotion,Active,None,None,Job Portal,2026-Q1
EMP00482,Customer Success,Customer Success Manager,Mid-Level,Kolkata,Full-time,2021-08-20,5-10 Years,35-44,Women,Standard,10L-15L,1025358.64,2,Promoted,Eligible,No,29,77,92,71,66,4,Department Transfer,Active,None,None,Agency,2025-Q4
EMP00483,IT,IT Support Specialist,Senior,Chennai,Full-time,2022-07-18,3-5 Years,25-34,Women,Standard,15L-25L,1578250,3,Not Promoted,Eligible,No,33,75,59,87,73,4,Department Transfer,Active,None,None,Job Portal,2025-Q4
EMP00484,Customer Success,Customer Success Manager,Entry Level,Kolkata,Full-time,2019-05-27,5-10 Years,35-44,Women,Standard,Below 5L,444622.82,4,Not Promoted,Not Eligible,No,9,91,63,90,84,4,None,Active,None,None,Company Website,2026-Q2
EMP00485,Finance,Financial Analyst,Mid-Level,Chennai,Contract,2022-10-28,3-5 Years,25-34,Men,Standard,10L-15L,1050571.7,4,Not Promoted,Eligible,No,23,74,75,74,67,3,None,Active,None,None,Agency,2026-Q2
EMP00486,IT,IT Support Specialist,Senior,Pune,Full-time,2024-01-28,1-3 Years,45-54,Women,Standard,10L-15L,1495260.6,3,Not Promoted,Eligible,No,37,67,64,83,70,3,Lateral Move,Exited,Voluntary,Manager Relationship,Campus,2026-Q2
EMP00487,Sales,Sales Executive,Entry Level,Guwahati,Full-time,2020-11-03,5-10 Years,25-34,Women,Standard,Below 5L,487387.2,4,Not Promoted,Not Eligible,No,27,77,89,79,68,2,Department Transfer,Active,None,None,Professional Network,2026-Q3
EMP00488,Sales,Sales Executive,Senior Manager,Hyderabad,Part-time,2025-11-07,0-1 Years,35-44,Men,Standard,25L+,2917301.02,4,Not Promoted,Not Eligible,Yes,43,82,95,69,85,5,Lateral Move,Active,None,None,Agency,2026-Q1
EMP00489,IT,IT Support Specialist,Mid-Level,Delhi NCR,Contract,2022-10-16,3-5 Years,35-44,Men,Standard,5L-10L,971079.82,3,Not Promoted,Eligible,No,40,70,81,56,79,2,Department Transfer,Exited,Voluntary,Manager Relationship,Company Website,2025-Q4
EMP00490,IT,IT Support Specialist,Junior,Chennai,Full-time,2026-05-21,0-1 Years,35-44,Men,Standard,5L-10L,690546.62,5,Not Promoted,Not Eligible,No,24,66,65,77,74,4,Lateral Move,Active,None,None,Job Portal,2025-Q4
EMP00491,Customer Success,Customer Success Manager,Junior,Chennai,Full-time,2024-09-13,1-3 Years,25-34,Women,Standard,5L-10L,702700.62,3,Not Promoted,Eligible,No,22,75,83,79,76,2,Lateral Move,Active,None,None,Employee Referral,2026-Q1
EMP00492,Sales,Sales Executive,Senior Manager,Kolkata,Full-time,2026-05-17,0-1 Years,35-44,Men,Standard,25L+,2934992.76,3,Not Promoted,Not Eligible,Yes,64,95,87,73,90,2,Promotion,Active,None,None,Agency,2026-Q3
EMP00493,Finance,Financial Analyst,Junior,Hyderabad,Full-time,2023-06-18,3-5 Years,25-34,Women,Standard,5L-10L,624896.14,3,Not Promoted,Eligible,No,46,71,80,77,63,2,Promotion,Active,None,None,Employee Referral,2026-Q1
EMP00494,Customer Success,Customer Success Manager,Entry Level,Hyderabad,Contract,2025-02-21,1-3 Years,25-34,Women,Standard,Below 5L,442011.48,4,Not Promoted,Not Eligible,No,12,77,71,73,63,3,Promotion,Active,None,None,Company Website,2026-Q1
EMP00495,Finance,Financial Analyst,Junior,Delhi NCR,Full-time,2025-12-31,0-1 Years,45-54,Men,Standard,5L-10L,691147.24,3,Not Promoted,Not Eligible,No,19,80,80,66,98,3,Promotion,Active,None,None,Professional Network,2026-Q1
EMP00496,Marketing,Marketing Specialist,Leadership,Pune,Contract,2020-04-17,5-10 Years,35-44,Women,Standard,25L+,4731403.52,4,Not Promoted,Not Eligible,Yes,5,62,69,61,61,4,Promotion,Active,None,None,Company Website,2026-Q3
EMP00497,HR,HR Analyst,Senior Manager,Kolkata,Full-time,2019-02-22,5-10 Years,45-54,Women,Standard,25L+,2925123.24,4,Not Promoted,Eligible,Yes,34,73,80,53,77,2,None,Active,None,None,Job Portal,2025-Q4
EMP00498,Finance,Financial Analyst,Junior,Hyderabad,Contract,2020-10-21,5-10 Years,35-44,Prefer Not to Say,Not Collected,5L-10L,675986.6,3,Not Promoted,Eligible,No,16,63,54,64,82,0,Promotion,Active,None,None,Job Portal,2026-Q2
EMP00499,Finance,Financial Analyst,Senior,Guwahati,Contract,2023-01-09,3-5 Years,25-34,Women,Standard,15L-25L,1587423.32,4,Not Promoted,Eligible,No,14,80,89,72,86,4,None,Active,None,None,Professional Network,2026-Q1
EMP00500,Customer Success,Customer Success Manager,Mid-Level,Delhi NCR,Full-time,2024-09-23,1-3 Years,35-44,Men,Standard,5L-10L,975729.02,5,Not Promoted,Eligible,No,31,72,52,79,89,7,Promotion,Active,None,None,Job Portal,2026-Q3
EMP00501,Customer Success,Customer Success Manager,Mid-Level,Kolkata,Full-time,2022-07-04,3-5 Years,18-24,Men,Standard,5L-10L,901580.18,5,Not Promoted,Eligible,No,48,60,65,75,68,7,None,Exited,Voluntary,Personal Reasons,Agency,2026-Q1
EMP00502,Operations,Operations Analyst,Mid-Level,Delhi NCR,Full-time,2021-03-03,5-10 Years,25-34,Women,Standard,5L-10L,946441.42,3,Not Promoted,Eligible,No,34,71,69,71,87,3,Lateral Move,Active,None,None,Job Portal,2026-Q1
EMP00503,Marketing,Marketing Specialist,Manager,Bengaluru,Full-time,2023-03-26,3-5 Years,35-44,Men,Standard,15L-25L,2177850.48,3,Promoted,Eligible,Yes,41,63,98,46,81,5,Promotion,Active,None,None,Employee Referral,2026-Q1
EMP00504,HR,HR Analyst,Senior,Guwahati,Full-time,2022-09-15,3-5 Years,45-54,Men,Standard,10L-15L,1319142.06,4,Not Promoted,Eligible,No,26,79,90,74,77,5,Lateral Move,Exited,Involuntary,Performance,Professional Network,2026-Q2
EMP00505,IT,IT Support Specialist,Entry Level,Pune,Full-time,2019-10-26,5-10 Years,35-44,Women,Standard,Below 5L,464124.68,4,Not Promoted,Not Eligible,No,46,80,94,70,91,3,Promotion,Active,None,None,Employee Referral,2025-Q4
EMP00506,Marketing,Marketing Specialist,Senior,Kolkata,Full-time,2025-02-02,1-3 Years,25-34,Women,Standard,10L-15L,1431813.18,4,Not Promoted,Eligible,No,10,57,65,46,59,3,None,Active,None,None,Employee Referral,2026-Q2
EMP00507,Operations,Operations Analyst,Entry Level,Pune,Full-time,2022-04-17,3-5 Years,35-44,Men,Standard,Below 5L,437861.42,4,Not Promoted,Not Eligible,No,36,68,68,54,76,1,Lateral Move,Active,None,None,Company Website,2026-Q3
EMP00508,Engineering,Software Engineer,Mid-Level,Bengaluru,Full-time,2026-07-02,0-1 Years,35-44,Women,Standard,5L-10L,921824.26,4,Not Promoted,Not Eligible,No,13,67,87,50,70,2,Promotion,Active,None,None,Professional Network,2026-Q1
EMP00509,Engineering,Software Engineer,Senior,Pune,Full-time,2023-04-12,3-5 Years,25-34,Women,Standard,10L-15L,1493459.92,4,Not Promoted,Eligible,No,18,95,100,83,78,3,None,Active,None,None,Company Website,2026-Q2
EMP00510,Engineering,Software Engineer,Mid-Level,Pune,Full-time,2024-10-07,1-3 Years,35-44,Men,Standard,5L-10L,975611.02,4,Not Promoted,Eligible,No,13,84,87,71,78,5,Department Transfer,Active,None,None,Campus,2026-Q1
EMP00511,Operations,Operations Analyst,Mid-Level,Bengaluru,Part-time,2020-01-29,5-10 Years,25-34,Men,Standard,5L-10L,931982.88,3,Not Promoted,Eligible,No,18,73,69,62,87,4,None,Active,None,None,Employee Referral,2026-Q1
EMP00512,Customer Success,Customer Success Manager,Senior,Bengaluru,Full-time,2021-04-22,5-10 Years,18-24,Women,Standard,10L-15L,1357357.54,4,Not Promoted,Eligible,No,70,66,61,79,68,4,Department Transfer,Active,None,None,Job Portal,2026-Q1
EMP00513,Engineering,Software Engineer,Mid-Level,Chennai,Full-time,2022-09-20,3-5 Years,25-34,Men,Standard,10L-15L,1012881.32,4,Promoted,Eligible,No,24,62,64,67,68,4,None,Exited,Involuntary,Performance,Company Website,2026-Q1
EMP00514,HR,HR Analyst,Junior,Kolkata,Full-time,2023-05-09,3-5 Years,35-44,Women,Standard,5L-10L,735699.32,3,Not Promoted,Eligible,No,58,80,97,73,80,2,Department Transfer,Active,None,None,Job Portal,2026-Q3
EMP00515,Sales,Sales Executive,Senior,Guwahati,Full-time,2026-03-12,0-1 Years,25-34,Women,Standard,10L-15L,1328689.44,4,Not Promoted,Not Eligible,No,47,66,74,72,56,5,None,Active,None,None,Company Website,2025-Q4
EMP00516,Sales,Sales Executive,Mid-Level,Pune,Full-time,2024-08-21,1-3 Years,35-44,Women,Standard,5L-10L,951625.16,4,Promoted,Eligible,No,47,67,88,49,69,2,Promotion,Active,None,None,Campus,2026-Q3
EMP00517,Customer Success,Customer Success Manager,Manager,Kolkata,Full-time,2026-05-30,0-1 Years,25-34,Men,Standard,15L-25L,1863321.48,3,Not Promoted,Not Eligible,Yes,26,89,56,75,98,1,None,Active,None,None,Company Website,2026-Q1
EMP00518,Marketing,Marketing Specialist,Senior Manager,Kolkata,Full-time,2025-02-13,1-3 Years,45-54,Men,Standard,25L+,2912016.98,4,Not Promoted,Eligible,Yes,33,76,80,80,70,2,Lateral Move,Active,None,None,Professional Network,2026-Q2
EMP00519,Engineering,Software Engineer,Senior,Mumbai,Full-time,2020-05-19,5-10 Years,25-34,Women,Standard,10L-15L,1458297.1,3,Promoted,Eligible,No,29,82,100,77,80,1,Department Transfer,Active,None,None,Job Portal,2026-Q2
EMP00520,Finance,Financial Analyst,Mid-Level,Pune,Full-time,2021-05-17,5-10 Years,45-54,Women,Standard,10L-15L,1091149.54,4,Not Promoted,Eligible,No,17,58,62,54,81,1,Lateral Move,Active,None,None,Employee Referral,2026-Q2
EMP00521,Finance,Financial Analyst,Junior,Bengaluru,Full-time,2021-01-12,5-10 Years,35-44,Men,Standard,5L-10L,625827.16,4,Not Promoted,Eligible,No,24,71,70,70,76,3,None,Active,None,None,Company Website,2026-Q3
EMP00522,Sales,Sales Executive,Senior Manager,Hyderabad,Full-time,2026-07-14,0-1 Years,35-44,Men,Standard,25L+,3005074.14,5,Not Promoted,Not Eligible,Yes,54,91,88,100,82,1,None,Active,None,None,Employee Referral,2026-Q3
EMP00523,Operations,Operations Analyst,Mid-Level,Pune,Full-time,2020-06-09,5-10 Years,25-34,Men,Standard,10L-15L,1040974.76,5,Not Promoted,Eligible,No,29,72,70,69,80,3,Lateral Move,Active,None,None,Company Website,2025-Q4
EMP00524,Finance,Financial Analyst,Junior,Pune,Full-time,2024-06-13,1-3 Years,35-44,Men,Standard,5L-10L,690939.56,3,Not Promoted,Eligible,No,30,67,73,85,72,7,Promotion,Active,None,None,Employee Referral,2026-Q2
EMP00525,Operations,Operations Analyst,Senior,Kolkata,Full-time,2020-11-21,5-10 Years,18-24,Men,Standard,10L-15L,1239003.54,4,Promoted,Eligible,No,41,85,59,78,89,4,Lateral Move,Active,None,None,Professional Network,2026-Q3
EMP00526,HR,HR Analyst,Senior,Pune,Full-time,2020-07-04,5-10 Years,18-24,Men,Standard,15L-25L,1519805.78,4,Not Promoted,Eligible,No,16,68,71,71,96,6,Promotion,Active,None,None,Agency,2026-Q3
EMP00527,Operations,Operations Analyst,Mid-Level,Hyderabad,Full-time,2024-06-17,1-3 Years,25-34,Men,Standard,5L-10L,869438.16,4,Not Promoted,Eligible,No,20,70,62,49,74,3,Lateral Move,Active,None,None,Job Portal,2026-Q2
EMP00528,Marketing,Marketing Specialist,Mid-Level,Delhi NCR,Full-time,2021-12-14,3-5 Years,25-34,Women,Standard,5L-10L,987231.66,3,Not Promoted,Eligible,No,60,67,56,82,68,1,None,Active,None,None,Job Portal,2025-Q4
EMP00529,Customer Success,Customer Success Manager,Entry Level,Delhi NCR,Full-time,2019-05-31,5-10 Years,18-24,Men,Standard,Below 5L,422517.88,4,Not Promoted,Not Eligible,No,27,79,89,76,53,2,Promotion,Active,None,None,Company Website,2026-Q3
EMP00530,Marketing,Marketing Specialist,Mid-Level,Pune,Full-time,2023-05-27,3-5 Years,35-44,Men,Standard,5L-10L,908194.08,3,Not Promoted,Eligible,No,36,67,70,63,71,6,Promotion,Active,None,None,Company Website,2025-Q4
EMP00531,Customer Success,Customer Success Manager,Junior,Pune,Full-time,2024-08-18,1-3 Years,45-54,Non-binary,Standard,5L-10L,643332.46,3,Promoted,Eligible,No,32,65,82,75,47,3,Lateral Move,Active,None,None,Company Website,2026-Q1
EMP00532,Marketing,Marketing Specialist,Mid-Level,Chennai,Full-time,2020-10-14,5-10 Years,35-44,Men,Standard,10L-15L,1078927.1,4,Promoted,Eligible,No,39,57,68,59,52,3,Lateral Move,Active,None,None,Agency,2026-Q2
EMP00533,Engineering,Software Engineer,Leadership,Delhi NCR,Full-time,2024-06-20,1-3 Years,25-34,Men,Standard,25L+,4592443.18,3,Not Promoted,Not Eligible,Yes,39,91,100,68,85,2,Lateral Move,Exited,Voluntary,Career Growth,Professional Network,2026-Q1
EMP00534,Operations,Operations Analyst,Mid-Level,Kolkata,Full-time,2024-04-07,1-3 Years,25-34,Women,Standard,5L-10L,998257.58,4,Not Promoted,Eligible,No,23,77,84,61,77,4,None,Exited,Voluntary,Career Growth,Professional Network,2026-Q2
EMP00535,HR,HR Analyst,Leadership,Mumbai,Contract,2023-03-23,3-5 Years,45-54,Men,Standard,25L+,5505297.08,3,Not Promoted,Not Eligible,Yes,35,85,88,72,82,5,Department Transfer,Active,None,None,Professional Network,2025-Q4
EMP00536,HR,HR Analyst,Mid-Level,Kolkata,Full-time,2021-07-01,5-10 Years,25-34,Women,Standard,5L-10L,923006.62,3,Not Promoted,Eligible,No,48,69,96,75,55,3,Promotion,Active,None,None,Campus,2026-Q3
EMP00537,IT,IT Support Specialist,Mid-Level,Guwahati,Full-time,2024-08-17,1-3 Years,25-34,Men,Standard,10L-15L,1086338.68,4,Not Promoted,Eligible,No,37,77,73,90,84,5,Department Transfer,Active,None,None,Job Portal,2026-Q2
EMP00538,Finance,Financial Analyst,Manager,Mumbai,Full-time,2021-02-04,5-10 Years,25-34,Women,Standard,15L-25L,1936574.7,3,Not Promoted,Eligible,Yes,29,82,81,91,76,1,None,Active,None,None,Agency,2026-Q2
EMP00539,Sales,Sales Executive,Senior,Chennai,Full-time,2026-07-28,0-1 Years,35-44,Men,Standard,10L-15L,1492738.94,4,Not Promoted,Not Eligible,No,30,84,70,75,79,6,Department Transfer,Active,None,None,Company Website,2026-Q1
EMP00540,Customer Success,Customer Success Manager,Manager,Guwahati,Full-time,2021-09-25,5-10 Years,45-54,Men,Standard,15L-25L,2066635.48,3,Promoted,Eligible,Yes,30,76,88,75,79,4,Lateral Move,Active,None,None,Company Website,2025-Q4
EMP00541,Marketing,Marketing Specialist,Senior Manager,Guwahati,Full-time,2020-11-12,5-10 Years,25-34,Men,Standard,25L+,3255866.62,3,Not Promoted,Eligible,Yes,37,71,77,73,65,5,Lateral Move,Active,None,None,Agency,2025-Q4
EMP00542,HR,HR Analyst,Mid-Level,Bengaluru,Full-time,2021-06-06,5-10 Years,18-24,Women,Standard,10L-15L,1032894.12,3,Not Promoted,Eligible,No,36,67,88,64,63,2,Department Transfer,Active,None,None,Employee Referral,2026-Q1
EMP00543,Customer Success,Customer Success Manager,Mid-Level,Mumbai,Full-time,2025-07-14,1-3 Years,35-44,Men,Standard,5L-10L,901212.02,3,Not Promoted,Eligible,No,22,62,66,76,53,4,Lateral Move,Active,None,None,Company Website,2026-Q2
EMP00544,Marketing,Marketing Specialist,Entry Level,Pune,Full-time,2024-02-01,1-3 Years,35-44,Non-binary,Standard,Below 5L,473434.88,4,Not Promoted,Not Eligible,No,45,71,71,89,77,8,None,Active,None,None,Agency,2026-Q1
EMP00545,Sales,Sales Executive,Junior,Guwahati,Full-time,2021-04-08,5-10 Years,25-34,Men,Standard,5L-10L,649017.7,4,Not Promoted,Eligible,No,38,61,65,68,64,3,Department Transfer,Active,None,None,Company Website,2025-Q4
EMP00546,Marketing,Marketing Specialist,Manager,Chennai,Full-time,2025-11-23,0-1 Years,35-44,Men,Standard,15L-25L,2082408.54,4,Not Promoted,Not Eligible,Yes,35,79,63,99,67,6,None,Active,None,None,Company Website,2025-Q4
EMP00547,Sales,Sales Executive,Junior,Chennai,Full-time,2026-05-24,0-1 Years,25-34,Prefer Not to Say,Not Collected,5L-10L,775924.34,3,Not Promoted,Not Eligible,No,42,79,77,78,87,2,Lateral Move,Active,None,None,Company Website,2025-Q4
EMP00548,Customer Success,Customer Success Manager,Entry Level,Kolkata,Full-time,2023-02-26,3-5 Years,25-34,Men,Standard,Below 5L,484354.6,4,Not Promoted,Not Eligible,No,37,73,91,75,61,6,None,Active,None,None,Agency,2026-Q1
EMP00549,IT,IT Support Specialist,Junior,Kolkata,Full-time,2022-12-06,3-5 Years,18-24,Men,Standard,5L-10L,718630.62,3,Not Promoted,Eligible,No,39,81,73,82,56,4,None,Active,None,None,Campus,2026-Q3
EMP00550,Finance,Financial Analyst,Senior Manager,Bengaluru,Contract,2022-03-06,3-5 Years,35-44,Women,Standard,25L+,2509552.02,3,Not Promoted,Eligible,Yes,35,74,72,73,63,2,Department Transfer,Active,None,None,Job Portal,2025-Q4
EMP00551,Sales,Sales Executive,Mid-Level,Guwahati,Full-time,2023-03-17,3-5 Years,25-34,Men,Standard,5L-10L,888921.14,4,Not Promoted,Eligible,No,41,82,85,72,65,2,Promotion,Active,None,None,Job Portal,2026-Q1
EMP00552,Customer Success,Customer Success Manager,Senior Manager,Hyderabad,Full-time,2021-12-06,3-5 Years,25-34,Men,Standard,25L+,3495046.72,4,Not Promoted,Eligible,Yes,32,80,92,70,71,3,Department Transfer,Active,None,None,Company Website,2026-Q2
EMP00553,Customer Success,Customer Success Manager,Senior,Delhi NCR,Full-time,2023-08-20,3-5 Years,35-44,Women,Standard,10L-15L,1378785.16,3,Not Promoted,Eligible,No,20,67,75,58,63,2,Department Transfer,Active,None,None,Company Website,2026-Q3
EMP00554,HR,HR Analyst,Junior,Hyderabad,Full-time,2025-06-24,1-3 Years,35-44,Men,Standard,5L-10L,664030.84,4,Not Promoted,Eligible,No,14,85,92,73,77,4,Department Transfer,Active,None,None,Professional Network,2025-Q4
EMP00555,Finance,Financial Analyst,Senior Manager,Chennai,Full-time,2020-10-24,5-10 Years,45-54,Prefer Not to Say,Not Collected,25L+,2770113.72,3,Not Promoted,Eligible,Yes,33,80,70,89,82,2,Department Transfer,Active,None,None,Company Website,2025-Q4
EMP00556,Marketing,Marketing Specialist,Entry Level,Kolkata,Full-time,2026-02-17,0-1 Years,35-44,Women,Standard,Below 5L,382415.58,3,Not Promoted,Not Eligible,No,0,69,82,72,78,5,None,Active,None,None,Employee Referral,2026-Q3
EMP00557,Customer Success,Customer Success Manager,Senior,Bengaluru,Full-time,2019-09-20,5-10 Years,25-34,Women,Standard,10L-15L,1358764.1,4,Not Promoted,Eligible,No,39,74,93,72,60,6,Promotion,Active,None,None,Job Portal,2026-Q3
EMP00558,Customer Success,Customer Success Manager,Senior Manager,Hyderabad,Full-time,2025-09-13,1-3 Years,45-54,Prefer Not to Say,Not Collected,25L+,2719929.5,4,Promoted,Eligible,Yes,33,69,60,47,92,1,Lateral Move,Active,None,None,Agency,2025-Q4
EMP00559,Finance,Financial Analyst,Junior,Hyderabad,Full-time,2021-03-08,5-10 Years,25-34,Women,Standard,5L-10L,642309.4,3,Promoted,Eligible,No,35,87,75,84,93,3,Lateral Move,Active,None,None,Professional Network,2025-Q4
EMP00560,Operations,Operations Analyst,Manager,Delhi NCR,Full-time,2026-05-06,0-1 Years,25-34,Men,Standard,15L-25L,2296244.6,2,Not Promoted,Not Eligible,Yes,24,85,88,77,92,1,None,Active,None,None,Job Portal,2026-Q2
EMP00561,Customer Success,Customer Success Manager,Entry Level,Pune,Full-time,2026-07-05,0-1 Years,25-34,Women,Standard,5L-10L,510248.52,4,Not Promoted,Not Eligible,No,32,58,55,69,62,3,Department Transfer,Active,None,None,Employee Referral,2025-Q4
EMP00562,Sales,Sales Executive,Junior,Bengaluru,Full-time,2025-03-01,1-3 Years,25-34,Men,Standard,5L-10L,751449.96,3,Not Promoted,Eligible,No,10,89,90,82,76,3,Promotion,Active,None,None,Campus,2026-Q1
EMP00563,Finance,Financial Analyst,Senior Manager,Chennai,Full-time,2023-07-13,3-5 Years,45-54,Prefer Not to Say,Not Collected,25L+,2976747.06,4,Not Promoted,Eligible,Yes,27,69,85,64,75,4,Promotion,Active,None,None,Company Website,2025-Q4
EMP00564,Sales,Sales Executive,Senior,Hyderabad,Full-time,2022-10-24,3-5 Years,25-34,Men,Standard,10L-15L,1406174.14,3,Not Promoted,Eligible,No,23,65,75,68,52,1,Promotion,Active,None,None,Company Website,2026-Q2
EMP00565,IT,IT Support Specialist,Senior,Kolkata,Full-time,2025-04-25,1-3 Years,35-44,Men,Standard,10L-15L,1375901.24,3,Not Promoted,Eligible,No,22,62,68,75,58,5,Lateral Move,Active,None,None,Agency,2026-Q3
EMP00566,Engineering,Software Engineer,Entry Level,Chennai,Full-time,2020-04-21,5-10 Years,18-24,Men,Standard,Below 5L,437076.72,4,Not Promoted,Not Eligible,No,16,85,73,93,66,4,Promotion,Exited,Voluntary,Compensation,Professional Network,2026-Q1
EMP00567,Operations,Operations Analyst,Mid-Level,Kolkata,Full-time,2022-12-17,3-5 Years,18-24,Men,Standard,10L-15L,1038568.74,3,Not Promoted,Eligible,No,5,82,100,61,64,5,None,Active,None,None,Campus,2026-Q1
EMP00568,HR,HR Analyst,Junior,Bengaluru,Full-time,2023-06-23,3-5 Years,35-44,Men,Standard,5L-10L,573489.44,3,Not Promoted,Eligible,No,35,74,86,82,64,0,Promotion,Active,None,None,Employee Referral,2026-Q3
EMP00569,Operations,Operations Analyst,Mid-Level,Pune,Full-time,2021-06-14,5-10 Years,25-34,Men,Standard,5L-10L,944479.08,4,Not Promoted,Eligible,No,26,67,57,54,76,4,Promotion,Active,None,None,Professional Network,2026-Q1
EMP00570,IT,IT Support Specialist,Entry Level,Delhi NCR,Contract,2021-08-19,5-10 Years,25-34,Men,Standard,5L-10L,507488.5,3,Not Promoted,Not Eligible,No,25,79,80,66,94,3,Lateral Move,Active,None,None,Employee Referral,2026-Q1
EMP00571,Finance,Financial Analyst,Junior,Delhi NCR,Full-time,2025-12-08,0-1 Years,18-24,Women,Standard,5L-10L,700373.66,4,Not Promoted,Not Eligible,No,38,71,62,65,88,2,Promotion,Active,None,None,Job Portal,2025-Q4
EMP00572,Sales,Sales Executive,Senior,Chennai,Full-time,2025-11-19,0-1 Years,25-34,Women,Standard,10L-15L,1339702.38,4,Not Promoted,Not Eligible,No,29,71,82,58,83,3,None,Active,None,None,Company Website,2025-Q4
EMP00573,IT,IT Support Specialist,Mid-Level,Pune,Full-time,2025-12-17,0-1 Years,25-34,Prefer Not to Say,Not Collected,5L-10L,867064,4,Not Promoted,Not Eligible,No,46,72,65,74,85,2,Promotion,Active,None,None,Company Website,2026-Q2
EMP00574,IT,IT Support Specialist,Junior,Mumbai,Full-time,2024-09-24,1-3 Years,25-34,Women,Standard,5L-10L,678587.32,5,Not Promoted,Eligible,No,34,80,78,81,85,2,Lateral Move,Active,None,None,Employee Referral,2025-Q4
EMP00575,Customer Success,Customer Success Manager,Senior,Chennai,Full-time,2025-01-23,1-3 Years,35-44,Men,Standard,10L-15L,1337157.12,4,Promoted,Eligible,No,21,87,84,84,96,5,Promotion,Active,None,None,Professional Network,2026-Q1
EMP00576,IT,IT Support Specialist,Manager,Bengaluru,Full-time,2024-10-23,1-3 Years,35-44,Men,Standard,15L-25L,1869311.16,3,Not Promoted,Eligible,Yes,58,78,87,62,81,3,None,Exited,Voluntary,Personal Reasons,Job Portal,2026-Q2
EMP00577,Operations,Operations Analyst,Mid-Level,Hyderabad,Full-time,2021-02-05,5-10 Years,35-44,Women,Standard,10L-15L,1126189.64,4,Not Promoted,Eligible,No,40,76,78,63,76,3,Lateral Move,Active,None,None,Company Website,2026-Q2
EMP00578,Operations,Operations Analyst,Manager,Mumbai,Full-time,2024-08-04,1-3 Years,25-34,Women,Standard,15L-25L,2070164.86,3,Not Promoted,Eligible,Yes,27,64,57,75,82,1,Department Transfer,Active,None,None,Campus,2026-Q2
EMP00579,Customer Success,Customer Success Manager,Mid-Level,Hyderabad,Full-time,2024-01-21,1-3 Years,25-34,Men,Standard,5L-10L,837690.26,4,Promoted,Eligible,No,36,79,79,67,83,2,Lateral Move,Active,None,None,Professional Network,2026-Q1
EMP00580,Sales,Sales Executive,Senior,Hyderabad,Full-time,2021-08-23,5-10 Years,35-44,Men,Standard,15L-25L,1537803.14,3,Not Promoted,Eligible,No,25,74,78,59,74,1,Department Transfer,Active,None,None,Professional Network,2026-Q1
EMP00581,IT,IT Support Specialist,Junior,Guwahati,Full-time,2020-12-24,5-10 Years,45-54,Women,Standard,5L-10L,689203.78,3,Not Promoted,Eligible,No,36,63,75,70,72,0,Lateral Move,Active,None,None,Professional Network,2026-Q2
EMP00582,IT,IT Support Specialist,Manager,Hyderabad,Full-time,2021-10-24,3-5 Years,25-34,Men,Standard,15L-25L,1996188.3,3,Not Promoted,Eligible,Yes,27,68,75,69,76,4,None,Active,None,None,Professional Network,2026-Q1
EMP00583,Engineering,Software Engineer,Entry Level,Delhi NCR,Full-time,2021-11-07,3-5 Years,25-34,Women,Standard,Below 5L,424562.82,3,Not Promoted,Not Eligible,No,0,93,82,100,78,2,Department Transfer,Active,None,None,Job Portal,2026-Q3
EMP00584,Operations,Operations Analyst,Senior,Hyderabad,Full-time,2023-01-18,3-5 Years,35-44,Women,Standard,10L-15L,1359737.6,3,Not Promoted,Eligible,No,60,91,70,100,97,2,Promotion,Active,None,None,Agency,2025-Q4
EMP00585,Operations,Operations Analyst,Entry Level,Delhi NCR,Contract,2025-06-20,1-3 Years,18-24,Non-binary,Standard,Below 5L,420076.46,3,Not Promoted,Not Eligible,No,43,71,75,75,82,5,Lateral Move,Active,None,None,Campus,2026-Q2
EMP00586,Operations,Operations Analyst,Entry Level,Chennai,Full-time,2024-01-05,1-3 Years,25-34,Men,Standard,Below 5L,432169.1,4,Not Promoted,Not Eligible,No,26,56,59,67,59,4,None,Active,None,None,Campus,2026-Q3
EMP00587,Marketing,Marketing Specialist,Senior,Mumbai,Full-time,2026-03-08,0-1 Years,45-54,Men,Standard,10L-15L,1478490.44,4,Not Promoted,Not Eligible,No,28,60,50,69,74,2,Promotion,Active,None,None,Company Website,2026-Q3
EMP00588,Sales,Sales Executive,Senior Manager,Bengaluru,Part-time,2020-10-25,5-10 Years,35-44,Men,Standard,25L+,2992176.74,3,Not Promoted,Eligible,Yes,53,74,74,81,66,2,Promotion,Active,None,None,Campus,2026-Q2
EMP00589,Customer Success,Customer Success Manager,Mid-Level,Hyderabad,Full-time,2023-12-28,1-3 Years,25-34,Men,Standard,10L-15L,1036122.6,3,Not Promoted,Eligible,No,36,49,46,38,62,3,Promotion,Active,None,None,Company Website,2026-Q3
EMP00590,Customer Success,Customer Success Manager,Junior,Mumbai,Full-time,2021-01-23,5-10 Years,35-44,Men,Standard,5L-10L,654293.48,4,Not Promoted,Eligible,No,47,75,82,89,66,2,Lateral Move,Active,None,None,Professional Network,2026-Q2
EMP00591,Sales,Sales Executive,Senior,Delhi NCR,Full-time,2020-11-14,5-10 Years,25-34,Men,Standard,10L-15L,1455376.6,3,Not Promoted,Eligible,No,20,86,95,63,85,1,None,Exited,Involuntary,Performance,Job Portal,2026-Q3
EMP00592,Sales,Sales Executive,Manager,Bengaluru,Full-time,2021-12-11,3-5 Years,35-44,Men,Standard,15L-25L,2012681.16,3,Not Promoted,Eligible,Yes,31,77,78,78,65,2,None,Active,None,None,Agency,2026-Q2
EMP00593,Finance,Financial Analyst,Junior,Delhi NCR,Full-time,2022-03-09,3-5 Years,35-44,Women,Standard,5L-10L,633589.2,3,Not Promoted,Eligible,No,18,82,78,79,73,2,Lateral Move,Active,None,None,Employee Referral,2025-Q4
EMP00594,Engineering,Software Engineer,Senior,Pune,Full-time,2022-08-25,3-5 Years,25-34,Prefer Not to Say,Not Collected,10L-15L,1442872.14,3,Not Promoted,Eligible,No,54,89,79,63,96,0,Department Transfer,Active,None,None,Company Website,2026-Q2
EMP00595,IT,IT Support Specialist,Mid-Level,Mumbai,Contract,2025-01-17,1-3 Years,35-44,Women,Standard,10L-15L,1020170.18,4,Promoted,Eligible,No,41,76,76,85,74,2,Department Transfer,Active,None,None,Professional Network,2026-Q3
EMP00596,HR,HR Analyst,Junior,Pune,Full-time,2024-05-26,1-3 Years,45-54,Men,Standard,5L-10L,744621.3,5,Not Promoted,Eligible,No,39,51,47,66,55,3,None,Active,None,None,Campus,2026-Q3
EMP00597,HR,HR Analyst,Mid-Level,Mumbai,Full-time,2022-05-28,3-5 Years,18-24,Women,Standard,5L-10L,944939.28,5,Promoted,Eligible,No,44,86,85,69,100,6,Lateral Move,Active,None,None,Agency,2025-Q4
EMP00598,IT,IT Support Specialist,Junior,Chennai,Full-time,2022-05-12,3-5 Years,25-34,Men,Standard,5L-10L,631513.58,4,Promoted,Eligible,No,32,67,67,82,78,2,Department Transfer,Active,None,None,Company Website,2026-Q1
EMP00599,Engineering,Software Engineer,Junior,Pune,Full-time,2021-02-11,5-10 Years,25-34,Men,Standard,5L-10L,682385.74,3,Not Promoted,Eligible,No,30,78,64,75,78,3,Department Transfer,Active,None,None,Employee Referral,2026-Q3
EMP00600,Customer Success,Customer Success Manager,Leadership,Delhi NCR,Full-time,2021-12-13,3-5 Years,25-34,Women,Standard,25L+,5002508.52,4,Not Promoted,Not Eligible,Yes,46,62,70,63,52,7,None,Active,None,None,Employee Referral,2026-Q2
EMP00601,HR,HR Analyst,Mid-Level,Hyderabad,Full-time,2023-08-19,3-5 Years,25-34,Men,Standard,10L-15L,1003810.66,3,Not Promoted,Eligible,No,15,76,86,72,71,1,None,Active,None,None,Campus,2025-Q4
EMP00602,IT,IT Support Specialist,Manager,Chennai,Full-time,2022-01-19,3-5 Years,35-44,Men,Standard,15L-25L,2427980.98,4,Not Promoted,Eligible,Yes,39,52,49,65,71,3,Department Transfer,Active,None,None,Job Portal,2026-Q1
EMP00603,Engineering,Software Engineer,Senior Manager,Guwahati,Full-time,2021-01-31,5-10 Years,45-54,Men,Standard,25L+,2682584.86,2,Not Promoted,Eligible,Yes,16,65,62,62,75,2,Promotion,Active,None,None,Professional Network,2026-Q3
EMP00604,Engineering,Software Engineer,Leadership,Delhi NCR,Part-time,2020-01-05,5-10 Years,18-24,Women,Standard,25L+,5478092.18,3,Not Promoted,Not Eligible,Yes,40,79,83,77,80,4,Lateral Move,Exited,Voluntary,Relocation,Campus,2026-Q3
EMP00605,Operations,Operations Analyst,Senior,Chennai,Full-time,2019-05-10,5-10 Years,25-34,Men,Standard,10L-15L,1347229.6,4,Not Promoted,Eligible,No,8,72,80,65,68,5,Lateral Move,Exited,Involuntary,Performance,Company Website,2026-Q3
EMP00606,Marketing,Marketing Specialist,Junior,Delhi NCR,Full-time,2021-10-21,3-5 Years,25-34,Women,Standard,5L-10L,651024.88,4,Not Promoted,Eligible,No,23,69,78,60,82,7,None,Active,None,None,Professional Network,2026-Q1
EMP00607,Customer Success,Customer Success Manager,Entry Level,Chennai,Full-time,2021-10-09,3-5 Years,18-24,Women,Standard,Below 5L,450624.3,4,Not Promoted,Not Eligible,No,31,74,66,67,90,7,None,Active,None,None,Professional Network,2025-Q4
EMP00608,Finance,Financial Analyst,Manager,Chennai,Full-time,2023-05-13,3-5 Years,35-44,Men,Standard,15L-25L,1882417.42,4,Not Promoted,Eligible,Yes,33,81,77,75,78,2,Promotion,Active,None,None,Employee Referral,2025-Q4
EMP00609,Sales,Sales Executive,Senior,Hyderabad,Full-time,2024-05-25,1-3 Years,25-34,Men,Standard,10L-15L,1305235.76,3,Not Promoted,Eligible,No,18,64,70,67,68,3,Lateral Move,Active,None,None,Job Portal,2026-Q1
EMP00610,Sales,Sales Executive,Junior,Delhi NCR,Contract,2026-02-05,0-1 Years,35-44,Men,Standard,5L-10L,714971.44,3,Not Promoted,Not Eligible,No,18,73,60,77,100,5,Department Transfer,Active,None,None,Employee Referral,2026-Q2
EMP00611,Sales,Sales Executive,Manager,Kolkata,Full-time,2021-09-22,5-10 Years,35-44,Women,Standard,15L-25L,2188225.04,3,Promoted,Eligible,Yes,21,55,67,35,77,5,None,Active,None,None,Professional Network,2026-Q3
EMP00612,Marketing,Marketing Specialist,Senior,Pune,Full-time,2020-01-02,5-10 Years,35-44,Prefer Not to Say,Not Collected,15L-25L,1611700.64,2,Not Promoted,Eligible,No,24,94,74,73,85,4,Department Transfer,Active,None,None,Company Website,2026-Q2
EMP00613,Engineering,Software Engineer,Mid-Level,Guwahati,Full-time,2022-12-27,3-5 Years,25-34,Men,Standard,10L-15L,1050708.58,4,Not Promoted,Eligible,No,24,69,79,67,97,1,None,Active,None,None,Employee Referral,2026-Q2
EMP00614,Operations,Operations Analyst,Junior,Chennai,Full-time,2021-03-01,5-10 Years,25-34,Men,Standard,5L-10L,668890.08,2,Promoted,Eligible,No,40,68,69,68,63,3,Department Transfer,Active,None,None,Employee Referral,2026-Q2
EMP00615,Engineering,Software Engineer,Entry Level,Chennai,Full-time,2023-11-28,1-3 Years,25-34,Men,Standard,Below 5L,459543.92,4,Not Promoted,Not Eligible,No,37,72,40,60,88,2,Promotion,Active,None,None,Agency,2026-Q1
EMP00616,Marketing,Marketing Specialist,Mid-Level,Pune,Full-time,2022-08-18,3-5 Years,35-44,Men,Standard,5L-10L,919620.02,4,Not Promoted,Eligible,No,50,64,85,78,53,4,Promotion,Active,None,None,Company Website,2026-Q1
EMP00617,Sales,Sales Executive,Senior,Mumbai,Full-time,2024-01-15,1-3 Years,18-24,Non-binary,Standard,10L-15L,1291452.18,5,Not Promoted,Eligible,No,20,73,72,62,100,5,Promotion,Active,None,None,Agency,2025-Q4
EMP00618,Customer Success,Customer Success Manager,Mid-Level,Mumbai,Full-time,2019-03-18,5-10 Years,35-44,Men,Standard,5L-10L,939570.28,4,Not Promoted,Eligible,No,47,73,74,70,77,7,Promotion,Active,None,None,Employee Referral,2026-Q2
EMP00619,Sales,Sales Executive,Senior Manager,Kolkata,Contract,2021-02-16,5-10 Years,45-54,Prefer Not to Say,Not Collected,25L+,2923185.68,3,Not Promoted,Eligible,Yes,39,79,77,100,61,2,Department Transfer,Active,None,None,Employee Referral,2026-Q2
EMP00620,Operations,Operations Analyst,Entry Level,Kolkata,Full-time,2026-03-10,0-1 Years,25-34,Men,Standard,Below 5L,475804.32,4,Not Promoted,Not Eligible,No,22,82,81,97,67,2,Promotion,Active,None,None,Company Website,2025-Q4
EMP00621,Engineering,Software Engineer,Senior,Mumbai,Contract,2021-01-01,5-10 Years,25-34,Women,Standard,15L-25L,1540420.38,4,Not Promoted,Eligible,No,34,88,80,95,79,2,Lateral Move,Active,None,None,Employee Referral,2025-Q4
EMP00622,Engineering,Software Engineer,Manager,Kolkata,Full-time,2026-05-18,0-1 Years,25-34,Women,Standard,15L-25L,2067829.64,4,Not Promoted,Not Eligible,Yes,19,76,89,79,59,4,Department Transfer,Active,None,None,Professional Network,2026-Q2
EMP00623,Engineering,Software Engineer,Mid-Level,Pune,Contract,2021-06-23,5-10 Years,35-44,Women,Standard,5L-10L,915859.36,4,Not Promoted,Eligible,No,39,79,78,82,76,1,None,Exited,Involuntary,Business Restructuring,Job Portal,2026-Q3
EMP00624,Engineering,Software Engineer,Mid-Level,Pune,Contract,2025-04-04,1-3 Years,25-34,Women,Standard,10L-15L,1053689.26,5,Not Promoted,Eligible,No,7,77,68,73,75,2,Department Transfer,Active,None,None,Professional Network,2025-Q4
EMP00625,HR,HR Analyst,Junior,Guwahati,Full-time,2019-10-16,5-10 Years,45-54,Women,Standard,5L-10L,647062.44,3,Not Promoted,Eligible,No,33,70,79,58,82,3,None,Active,None,None,Company Website,2025-Q4
EMP00626,Sales,Sales Executive,Junior,Delhi NCR,Full-time,2024-12-17,1-3 Years,35-44,Women,Standard,5L-10L,760137.12,4,Not Promoted,Eligible,No,16,81,78,71,98,3,Lateral Move,Active,None,None,Employee Referral,2026-Q1
EMP00627,Customer Success,Customer Success Manager,Leadership,Bengaluru,Full-time,2026-02-28,0-1 Years,35-44,Men,Standard,25L+,5485154.48,4,Not Promoted,Not Eligible,Yes,39,76,66,77,75,3,Promotion,Active,None,None,Professional Network,2026-Q3
EMP00628,Sales,Sales Executive,Junior,Mumbai,Full-time,2021-01-08,5-10 Years,35-44,Men,Standard,5L-10L,623322.02,2,Not Promoted,Eligible,No,11,70,60,71,60,4,Promotion,Active,None,None,Company Website,2026-Q3
EMP00629,Operations,Operations Analyst,Manager,Pune,Full-time,2025-03-03,1-3 Years,25-34,Women,Standard,15L-25L,2130823.94,3,Not Promoted,Eligible,Yes,39,82,59,100,60,3,Promotion,Active,None,None,Agency,2026-Q3
EMP00630,Operations,Operations Analyst,Mid-Level,Delhi NCR,Full-time,2025-04-25,1-3 Years,35-44,Women,Standard,5L-10L,882306.06,4,Not Promoted,Eligible,No,19,72,91,61,75,5,Department Transfer,Active,None,None,Professional Network,2026-Q2
EMP00631,Operations,Operations Analyst,Mid-Level,Chennai,Full-time,2024-01-07,1-3 Years,35-44,Men,Standard,5L-10L,879031.56,3,Not Promoted,Eligible,No,40,67,65,66,84,5,None,Active,None,None,Campus,2025-Q4
EMP00632,Marketing,Marketing Specialist,Manager,Hyderabad,Full-time,2019-01-27,5-10 Years,25-34,Men,Standard,15L-25L,2242374.06,3,Not Promoted,Eligible,Yes,25,64,57,60,73,2,Lateral Move,Active,None,None,Campus,2025-Q4
EMP00633,HR,HR Analyst,Senior Manager,Mumbai,Contract,2020-01-22,5-10 Years,25-34,Women,Standard,25L+,3167707.64,3,Promoted,Eligible,Yes,58,78,91,67,80,5,Promotion,Active,None,None,Campus,2026-Q2
EMP00634,Finance,Financial Analyst,Entry Level,Delhi NCR,Contract,2021-11-15,3-5 Years,35-44,Women,Standard,Below 5L,362290.68,3,Not Promoted,Not Eligible,No,28,63,57,75,73,5,Promotion,Active,None,None,Agency,2026-Q1
EMP00635,Sales,Sales Executive,Mid-Level,Pune,Full-time,2024-05-30,1-3 Years,45-54,Men,Standard,5L-10L,925353.64,3,Not Promoted,Eligible,No,31,73,89,74,68,4,None,Active,None,None,Campus,2025-Q4
EMP00636,Customer Success,Customer Success Manager,Manager,Bengaluru,Full-time,2019-08-18,5-10 Years,25-34,Non-binary,Standard,15L-25L,2121629.38,4,Not Promoted,Eligible,Yes,26,66,50,79,79,4,Promotion,Active,None,None,Agency,2026-Q3
EMP00637,Sales,Sales Executive,Mid-Level,Delhi NCR,Full-time,2026-04-27,0-1 Years,25-34,Men,Standard,5L-10L,960063.34,3,Not Promoted,Not Eligible,No,32,80,100,69,78,2,None,Active,None,None,Professional Network,2026-Q3
EMP00638,Engineering,Software Engineer,Senior,Hyderabad,Full-time,2024-11-17,1-3 Years,25-34,Women,Standard,15L-25L,1558870.86,3,Promoted,Eligible,No,18,93,100,79,84,3,Lateral Move,Active,None,None,Professional Network,2026-Q1
EMP00639,Marketing,Marketing Specialist,Manager,Guwahati,Full-time,2026-07-22,0-1 Years,35-44,Women,Standard,15L-25L,2095110.06,3,Not Promoted,Not Eligible,Yes,37,64,66,54,85,3,Department Transfer,Active,None,None,Company Website,2025-Q4
EMP00640,Finance,Financial Analyst,Manager,Kolkata,Full-time,2022-04-01,3-5 Years,45-54,Men,Standard,15L-25L,2160377.04,3,Not Promoted,Eligible,Yes,49,68,85,65,61,2,Lateral Move,Active,None,None,Job Portal,2026-Q3
EMP00641,Engineering,Software Engineer,Entry Level,Kolkata,Full-time,2021-12-11,3-5 Years,25-34,Men,Standard,Below 5L,427290.98,3,Not Promoted,Not Eligible,No,23,77,77,64,85,3,None,Active,None,None,Agency,2026-Q1
EMP00642,Marketing,Marketing Specialist,Manager,Chennai,Full-time,2025-04-09,1-3 Years,25-34,Men,Standard,15L-25L,2311625.9,4,Promoted,Eligible,Yes,34,85,74,70,99,3,Department Transfer,Active,None,None,Employee Referral,2026-Q1
EMP00643,Finance,Financial Analyst,Senior,Bengaluru,Full-time,2021-12-26,3-5 Years,45-54,Women,Standard,10L-15L,1413091.3,5,Not Promoted,Eligible,No,49,84,83,86,79,2,Promotion,Active,None,None,Company Website,2025-Q4
EMP00644,Sales,Sales Executive,Senior,Kolkata,Full-time,2023-10-01,1-3 Years,25-34,Men,Standard,15L-25L,1531877.18,3,Not Promoted,Eligible,No,38,71,78,79,82,2,Lateral Move,Active,None,None,Company Website,2025-Q4
EMP00645,HR,HR Analyst,Junior,Mumbai,Full-time,2022-12-03,3-5 Years,35-44,Non-binary,Standard,5L-10L,696345.14,4,Not Promoted,Eligible,No,30,67,49,76,78,8,Department Transfer,Active,None,None,Agency,2025-Q4
EMP00646,Finance,Financial Analyst,Mid-Level,Delhi NCR,Full-time,2023-03-12,3-5 Years,25-34,Women,Standard,10L-15L,1035842.94,5,Promoted,Eligible,No,20,82,58,82,97,4,None,Active,None,None,Job Portal,2026-Q1
EMP00647,Marketing,Marketing Specialist,Mid-Level,Hyderabad,Full-time,2019-02-26,5-10 Years,18-24,Women,Standard,5L-10L,999068.24,3,Not Promoted,Eligible,No,41,76,55,86,86,3,None,Active,None,None,Agency,2025-Q4
EMP00648,Operations,Operations Analyst,Mid-Level,Delhi NCR,Full-time,2025-01-12,1-3 Years,25-34,Men,Standard,5L-10L,828978.32,3,Not Promoted,Eligible,No,26,64,46,84,69,5,Promotion,Active,None,None,Company Website,2026-Q1
EMP00649,Engineering,Software Engineer,Mid-Level,Kolkata,Contract,2025-07-15,1-3 Years,25-34,Men,Standard,10L-15L,1002566.94,4,Not Promoted,Eligible,No,23,68,51,88,64,8,None,Active,None,None,Job Portal,2026-Q2
EMP00650,Finance,Financial Analyst,Junior,Hyderabad,Full-time,2019-08-06,5-10 Years,25-34,Men,Standard,5L-10L,750366.72,3,Not Promoted,Eligible,No,22,84,88,76,77,4,None,Exited,Voluntary,Manager Relationship,Professional Network,2026-Q2
EMP00651,Sales,Sales Executive,Senior,Guwahati,Full-time,2022-04-13,3-5 Years,45-54,Men,Standard,10L-15L,1324676.26,2,Not Promoted,Eligible,No,32,69,82,61,62,3,Department Transfer,Active,None,None,Agency,2025-Q4
EMP00652,Operations,Operations Analyst,Leadership,Chennai,Full-time,2025-09-11,1-3 Years,25-34,Non-binary,Standard,25L+,4876852.68,3,Not Promoted,Not Eligible,Yes,62,77,88,69,57,4,None,Active,None,None,Company Website,2026-Q3
EMP00653,Engineering,Software Engineer,Senior,Guwahati,Full-time,2021-10-10,3-5 Years,25-34,Women,Standard,10L-15L,1499218.32,4,Not Promoted,Eligible,No,32,65,51,62,76,9,Promotion,Active,None,None,Agency,2026-Q1
EMP00654,Engineering,Software Engineer,Manager,Pune,Full-time,2022-12-12,3-5 Years,55+,Men,Standard,15L-25L,2101821.9,4,Not Promoted,Eligible,Yes,30,71,88,56,64,2,Promotion,Active,None,None,Company Website,2026-Q2
EMP00655,Engineering,Software Engineer,Junior,Hyderabad,Full-time,2023-05-05,3-5 Years,25-34,Women,Standard,5L-10L,752713.74,2,Not Promoted,Eligible,No,32,71,78,74,77,1,None,Active,None,None,Campus,2026-Q1
EMP00656,Marketing,Marketing Specialist,Senior,Pune,Full-time,2023-05-29,3-5 Years,45-54,Women,Standard,10L-15L,1410013.86,3,Not Promoted,Eligible,No,9,76,66,98,68,4,None,Active,None,None,Company Website,2026-Q1
EMP00657,Customer Success,Customer Success Manager,Senior,Delhi NCR,Contract,2025-06-04,1-3 Years,25-34,Women,Standard,10L-15L,1496487.8,4,Promoted,Eligible,No,31,65,65,74,60,4,Promotion,Active,None,None,Campus,2026-Q3
EMP00658,Marketing,Marketing Specialist,Mid-Level,Delhi NCR,Full-time,2026-04-26,0-1 Years,25-34,Men,Standard,5L-10L,979541.6,3,Not Promoted,Not Eligible,No,11,84,78,88,83,3,Lateral Move,Active,None,None,Professional Network,2026-Q1
EMP00659,Marketing,Marketing Specialist,Mid-Level,Hyderabad,Part-time,2024-11-15,1-3 Years,25-34,Women,Standard,10L-15L,1033985.62,2,Not Promoted,Eligible,No,48,78,70,78,85,3,Department Transfer,Active,None,None,Employee Referral,2026-Q1
EMP00660,Operations,Operations Analyst,Entry Level,Bengaluru,Full-time,2025-04-01,1-3 Years,25-34,Women,Standard,Below 5L,438419.56,4,Not Promoted,Not Eligible,No,32,63,66,85,68,5,None,Active,None,None,Employee Referral,2025-Q4
EMP00661,Operations,Operations Analyst,Entry Level,Kolkata,Full-time,2023-08-12,3-5 Years,35-44,Women,Standard,Below 5L,458883.12,3,Not Promoted,Not Eligible,No,30,52,59,79,67,1,Promotion,Active,None,None,Professional Network,2026-Q2
EMP00662,Marketing,Marketing Specialist,Senior Manager,Delhi NCR,Contract,2020-03-13,5-10 Years,35-44,Men,Standard,25L+,3062715.96,2,Not Promoted,Eligible,Yes,30,75,79,81,59,0,None,Active,None,None,Company Website,2026-Q2
EMP00663,Finance,Financial Analyst,Senior Manager,Delhi NCR,Full-time,2021-08-03,5-10 Years,18-24,Women,Standard,25L+,2847935.9,4,Not Promoted,Eligible,Yes,41,68,84,77,62,3,Promotion,Active,None,None,Agency,2026-Q1
EMP00664,IT,IT Support Specialist,Mid-Level,Pune,Part-time,2021-01-23,5-10 Years,55+,Women,Standard,5L-10L,948897,4,Not Promoted,Eligible,No,25,71,84,53,72,5,Department Transfer,Active,None,None,Employee Referral,2026-Q1
EMP00665,Finance,Financial Analyst,Senior,Guwahati,Full-time,2023-08-01,3-5 Years,35-44,Women,Standard,10L-15L,1478711.1,3,Not Promoted,Eligible,No,35,77,73,70,93,4,None,Active,None,None,Agency,2026-Q1
EMP00666,Finance,Financial Analyst,Senior,Delhi NCR,Full-time,2019-09-28,5-10 Years,25-34,Men,Standard,10L-15L,1300206.6,3,Not Promoted,Eligible,No,27,71,74,73,82,5,Department Transfer,Active,None,None,Agency,2026-Q2
EMP00667,IT,IT Support Specialist,Mid-Level,Delhi NCR,Full-time,2023-10-18,1-3 Years,45-54,Men,Standard,10L-15L,1054039.72,3,Not Promoted,Eligible,No,12,81,80,76,100,1,None,Active,None,None,Agency,2026-Q2
EMP00668,Customer Success,Customer Success Manager,Entry Level,Guwahati,Full-time,2024-11-02,1-3 Years,45-54,Women,Standard,Below 5L,466395,4,Not Promoted,Not Eligible,No,20,89,98,77,92,2,None,Active,None,None,Job Portal,2026-Q1
EMP00669,Customer Success,Customer Success Manager,Entry Level,Guwahati,Full-time,2025-04-03,1-3 Years,35-44,Women,Standard,Below 5L,470844.78,4,Not Promoted,Not Eligible,No,28,90,92,84,76,5,Department Transfer,Active,None,None,Professional Network,2025-Q4
EMP00670,Finance,Financial Analyst,Senior Manager,Hyderabad,Full-time,2023-12-06,1-3 Years,45-54,Women,Standard,25L+,2877835.92,4,Not Promoted,Eligible,Yes,24,63,77,69,56,3,Promotion,Active,None,None,Campus,2026-Q3
EMP00671,Marketing,Marketing Specialist,Senior,Kolkata,Full-time,2022-04-20,3-5 Years,18-24,Men,Standard,10L-15L,1488835.5,3,Not Promoted,Eligible,No,33,82,71,62,83,5,None,Active,None,None,Employee Referral,2026-Q3
EMP00672,IT,IT Support Specialist,Junior,Bengaluru,Full-time,2024-08-12,1-3 Years,25-34,Women,Standard,5L-10L,754353.94,3,Not Promoted,Eligible,No,47,79,74,77,93,2,Lateral Move,Active,None,None,Campus,2026-Q3
EMP00673,Engineering,Software Engineer,Mid-Level,Mumbai,Full-time,2024-02-02,1-3 Years,25-34,Prefer Not to Say,Not Collected,5L-10L,996963.12,4,Not Promoted,Eligible,No,34,66,51,68,65,1,Lateral Move,Active,None,None,Job Portal,2026-Q2
EMP00674,Operations,Operations Analyst,Mid-Level,Mumbai,Full-time,2020-05-21,5-10 Years,25-34,Men,Standard,5L-10L,993821.96,4,Promoted,Eligible,No,19,77,81,84,78,6,Department Transfer,Active,None,None,Job Portal,2026-Q3
EMP00675,Marketing,Marketing Specialist,Senior Manager,Kolkata,Full-time,2025-03-04,1-3 Years,45-54,Women,Standard,25L+,2894090.42,4,Not Promoted,Eligible,Yes,57,87,86,72,93,6,Lateral Move,Active,None,None,Company Website,2026-Q1
EMP00676,Marketing,Marketing Specialist,Senior,Mumbai,Full-time,2021-01-02,5-10 Years,45-54,Men,Standard,15L-25L,1510199.4,3,Not Promoted,Eligible,No,29,79,72,88,83,3,None,Active,None,None,Campus,2026-Q3
EMP00677,HR,HR Analyst,Mid-Level,Mumbai,Full-time,2020-04-26,5-10 Years,25-34,Men,Standard,5L-10L,915305.94,3,Not Promoted,Eligible,No,39,71,67,79,65,4,Lateral Move,Exited,Involuntary,Performance,Agency,2026-Q3
EMP00678,IT,IT Support Specialist,Senior,Guwahati,Full-time,2025-10-26,0-1 Years,18-24,Women,Standard,15L-25L,1507562.1,4,Not Promoted,Not Eligible,No,40,68,87,73,61,4,Department Transfer,Active,None,None,Company Website,2026-Q3
EMP00679,IT,IT Support Specialist,Senior,Kolkata,Full-time,2023-12-15,1-3 Years,45-54,Men,Standard,10L-15L,1393495.04,4,Promoted,Eligible,No,20,79,90,84,74,3,None,Active,None,None,Company Website,2026-Q2
EMP00680,Finance,Financial Analyst,Entry Level,Guwahati,Contract,2021-01-27,5-10 Years,35-44,Women,Standard,5L-10L,513897.08,3,Not Promoted,Not Eligible,No,26,67,50,71,85,5,Lateral Move,Exited,Voluntary,Compensation,Job Portal,2026-Q2
EMP00681,Operations,Operations Analyst,Senior,Bengaluru,Full-time,2019-07-20,5-10 Years,55+,Women,Standard,10L-15L,1417588.28,4,Promoted,Eligible,No,16,72,87,70,68,1,Lateral Move,Active,None,None,Campus,2026-Q1
EMP00682,IT,IT Support Specialist,Senior,Pune,Full-time,2019-05-27,5-10 Years,45-54,Women,Standard,15L-25L,1565864.72,4,Promoted,Eligible,No,29,82,85,68,84,4,Promotion,Active,None,None,Agency,2025-Q4
EMP00683,Customer Success,Customer Success Manager,Mid-Level,Bengaluru,Full-time,2022-04-14,3-5 Years,45-54,Women,Standard,10L-15L,1038130.96,2,Not Promoted,Eligible,No,10,66,78,67,69,4,None,Active,None,None,Campus,2026-Q2
EMP00684,Customer Success,Customer Success Manager,Senior,Delhi NCR,Full-time,2021-05-06,5-10 Years,35-44,Men,Standard,15L-25L,1575022.7,3,Not Promoted,Eligible,No,30,60,70,47,65,2,None,Active,None,None,Professional Network,2025-Q4
EMP00685,IT,IT Support Specialist,Senior Manager,Hyderabad,Contract,2023-10-16,1-3 Years,35-44,Women,Standard,25L+,2716522.84,5,Not Promoted,Eligible,Yes,32,69,62,76,71,2,Promotion,Active,None,None,Company Website,2026-Q2
EMP00686,Marketing,Marketing Specialist,Senior,Chennai,Full-time,2024-10-29,1-3 Years,25-34,Women,Standard,15L-25L,1566989.26,3,Not Promoted,Eligible,No,32,66,79,66,69,5,Department Transfer,Active,None,None,Employee Referral,2026-Q1
EMP00687,HR,HR Analyst,Junior,Delhi NCR,Full-time,2019-01-07,5-10 Years,25-34,Women,Standard,5L-10L,682782.22,3,Not Promoted,Eligible,No,33,62,83,67,60,6,Department Transfer,Active,None,None,Job Portal,2026-Q1
EMP00688,Customer Success,Customer Success Manager,Mid-Level,Kolkata,Full-time,2019-07-06,5-10 Years,18-24,Women,Standard,10L-15L,1001520.28,3,Not Promoted,Eligible,No,19,77,77,60,82,6,Lateral Move,Exited,Voluntary,Workload,Campus,2025-Q4
EMP00689,HR,HR Analyst,Senior,Hyderabad,Full-time,2024-09-06,1-3 Years,35-44,Men,Standard,10L-15L,1431928.82,3,Not Promoted,Eligible,No,24,69,81,59,76,2,None,Active,None,None,Campus,2026-Q2
EMP00690,Customer Success,Customer Success Manager,Junior,Guwahati,Full-time,2020-12-20,5-10 Years,25-34,Men,Standard,5L-10L,658532.04,3,Not Promoted,Eligible,No,40,82,78,81,93,4,Promotion,Active,None,None,Agency,2026-Q3
EMP00691,Engineering,Software Engineer,Entry Level,Mumbai,Full-time,2024-05-26,1-3 Years,35-44,Men,Standard,Below 5L,474575.94,4,Not Promoted,Not Eligible,No,30,75,65,71,78,1,Lateral Move,Active,None,None,Company Website,2026-Q2
EMP00692,IT,IT Support Specialist,Senior,Kolkata,Contract,2019-08-18,5-10 Years,45-54,Women,Standard,10L-15L,1469831.6,3,Not Promoted,Eligible,No,39,78,80,94,78,4,Promotion,Active,None,None,Professional Network,2026-Q2
EMP00693,Engineering,Software Engineer,Manager,Delhi NCR,Contract,2025-06-23,1-3 Years,25-34,Men,Standard,15L-25L,2261029.86,4,Not Promoted,Eligible,Yes,37,72,79,88,58,7,Promotion,Exited,Voluntary,Career Growth,Campus,2026-Q3
EMP00694,Marketing,Marketing Specialist,Junior,Kolkata,Full-time,2021-02-06,5-10 Years,25-34,Men,Standard,5L-10L,694775.74,3,Not Promoted,Eligible,No,29,60,75,60,61,2,Promotion,Active,None,None,Campus,2025-Q4
EMP00695,HR,HR Analyst,Entry Level,Kolkata,Full-time,2019-12-22,5-10 Years,35-44,Prefer Not to Say,Not Collected,5L-10L,538340.78,3,Not Promoted,Not Eligible,No,37,64,84,39,67,0,Department Transfer,Active,None,None,Campus,2026-Q3
EMP00696,HR,HR Analyst,Junior,Delhi NCR,Contract,2024-11-20,1-3 Years,55+,Men,Standard,5L-10L,713005.56,4,Not Promoted,Eligible,No,22,76,69,82,85,0,None,Active,None,None,Job Portal,2026-Q1
EMP00697,Sales,Sales Executive,Entry Level,Chennai,Full-time,2024-09-03,1-3 Years,35-44,Women,Standard,Below 5L,441248.02,4,Not Promoted,Not Eligible,No,23,73,62,80,70,2,None,Active,None,None,Company Website,2026-Q1
EMP00698,Finance,Financial Analyst,Senior Manager,Pune,Full-time,2024-06-03,1-3 Years,25-34,Women,Standard,25L+,2803462.88,5,Not Promoted,Eligible,Yes,42,77,79,70,80,7,Promotion,Active,None,None,Employee Referral,2025-Q4
EMP00699,Marketing,Marketing Specialist,Mid-Level,Delhi NCR,Full-time,2019-05-30,5-10 Years,18-24,Men,Standard,10L-15L,1032885.86,3,Not Promoted,Eligible,No,24,70,68,94,59,4,None,Exited,Involuntary,Performance,Campus,2026-Q3
EMP00700,Engineering,Software Engineer,Entry Level,Bengaluru,Full-time,2024-11-02,1-3 Years,25-34,Women,Standard,Below 5L,454884.1,2,Not Promoted,Not Eligible,No,35,75,82,66,81,2,Promotion,Exited,Involuntary,Role Redundancy,Campus,2026-Q1
EMP00701,Finance,Financial Analyst,Junior,Hyderabad,Full-time,2022-02-07,3-5 Years,45-54,Men,Standard,5L-10L,729900.8,3,Not Promoted,Eligible,No,32,73,75,72,80,4,Department Transfer,Active,None,None,Campus,2026-Q1
EMP00702,Marketing,Marketing Specialist,Entry Level,Hyderabad,Full-time,2020-04-13,5-10 Years,45-54,Men,Standard,Below 5L,486478.6,3,Not Promoted,Not Eligible,No,33,67,55,100,77,5,None,Active,None,None,Company Website,2025-Q4
EMP00703,Finance,Financial Analyst,Manager,Pune,Full-time,2025-02-28,1-3 Years,35-44,Women,Standard,15L-25L,2202978.58,3,Not Promoted,Eligible,Yes,58,76,73,71,67,3,Lateral Move,Active,None,None,Campus,2026-Q1
EMP00704,Marketing,Marketing Specialist,Senior,Bengaluru,Full-time,2022-06-29,3-5 Years,35-44,Men,Standard,10L-15L,1301475.1,3,Not Promoted,Eligible,No,25,86,83,75,81,6,Promotion,Active,None,None,Job Portal,2026-Q1
EMP00705,Engineering,Software Engineer,Mid-Level,Chennai,Full-time,2026-07-29,0-1 Years,55+,Women,Standard,10L-15L,1040905.14,3,Not Promoted,Not Eligible,No,30,81,59,98,91,1,None,Active,None,None,Job Portal,2025-Q4
EMP00706,Customer Success,Customer Success Manager,Senior,Kolkata,Full-time,2021-01-03,5-10 Years,25-34,Men,Standard,10L-15L,1401724.36,3,Not Promoted,Eligible,No,18,72,61,79,79,5,Department Transfer,Active,None,None,Campus,2026-Q2
EMP00707,Finance,Financial Analyst,Junior,Bengaluru,Full-time,2024-03-22,1-3 Years,25-34,Men,Standard,5L-10L,615098.6,3,Not Promoted,Eligible,No,31,77,69,84,70,2,None,Active,None,None,Professional Network,2026-Q3
EMP00708,Sales,Sales Executive,Senior,Chennai,Full-time,2022-06-25,3-5 Years,35-44,Men,Standard,15L-25L,1511656.7,3,Not Promoted,Eligible,No,32,71,100,64,65,1,Department Transfer,Active,None,None,Employee Referral,2026-Q1
EMP00709,HR,HR Analyst,Mid-Level,Pune,Full-time,2023-05-25,3-5 Years,18-24,Men,Standard,5L-10L,994715.22,4,Promoted,Eligible,No,29,68,78,72,61,1,Promotion,Active,None,None,Campus,2026-Q3
EMP00710,IT,IT Support Specialist,Mid-Level,Guwahati,Full-time,2019-09-25,5-10 Years,35-44,Men,Standard,5L-10L,865813.2,3,Not Promoted,Eligible,No,19,83,71,60,86,2,Promotion,Active,None,None,Employee Referral,2026-Q2
EMP00711,Operations,Operations Analyst,Manager,Mumbai,Full-time,2024-09-11,1-3 Years,25-34,Men,Standard,15L-25L,2185678.6,3,Not Promoted,Eligible,Yes,53,79,91,75,71,2,None,Active,None,None,Professional Network,2025-Q4
EMP00712,HR,HR Analyst,Mid-Level,Chennai,Full-time,2023-06-30,3-5 Years,35-44,Men,Standard,10L-15L,1040329.3,4,Not Promoted,Eligible,No,57,73,99,55,56,3,Lateral Move,Active,None,None,Company Website,2026-Q1
EMP00713,IT,IT Support Specialist,Senior,Kolkata,Full-time,2019-09-28,5-10 Years,25-34,Men,Standard,10L-15L,1248008.12,4,Not Promoted,Eligible,No,35,68,59,77,77,5,Department Transfer,Active,None,None,Agency,2026-Q2
EMP00714,Finance,Financial Analyst,Entry Level,Mumbai,Full-time,2026-06-07,0-1 Years,35-44,Men,Standard,Below 5L,463279.8,2,Not Promoted,Not Eligible,No,25,67,77,63,85,2,None,Active,None,None,Professional Network,2026-Q3
EMP00715,Sales,Sales Executive,Mid-Level,Chennai,Contract,2022-08-25,3-5 Years,45-54,Men,Standard,10L-15L,1050828.94,4,Not Promoted,Eligible,No,30,89,94,79,92,6,Department Transfer,Active,None,None,Agency,2025-Q4
EMP00716,Sales,Sales Executive,Mid-Level,Kolkata,Full-time,2022-09-03,3-5 Years,35-44,Women,Standard,5L-10L,954871.34,3,Not Promoted,Eligible,No,42,89,93,65,96,3,None,Active,None,None,Employee Referral,2025-Q4
EMP00717,Marketing,Marketing Specialist,Mid-Level,Mumbai,Full-time,2024-01-30,1-3 Years,35-44,Men,Standard,5L-10L,941392.2,3,Not Promoted,Eligible,No,27,73,73,76,76,4,Department Transfer,Active,None,None,Agency,2026-Q1
EMP00718,Finance,Financial Analyst,Senior Manager,Pune,Full-time,2022-05-12,3-5 Years,35-44,Women,Standard,25L+,2718584.3,3,Not Promoted,Eligible,Yes,43,76,85,74,83,3,Promotion,Active,None,None,Agency,2026-Q2
EMP00719,Sales,Sales Executive,Senior,Guwahati,Full-time,2025-11-09,0-1 Years,25-34,Women,Standard,10L-15L,1494683.58,3,Not Promoted,Not Eligible,No,31,71,63,81,69,3,Department Transfer,Active,None,None,Campus,2025-Q4
EMP00720,Operations,Operations Analyst,Manager,Guwahati,Contract,2019-01-04,5-10 Years,18-24,Women,Standard,15L-25L,2068300.46,4,Not Promoted,Eligible,Yes,21,76,72,79,61,4,Promotion,Active,None,None,Campus,2025-Q4
EMP00721,Finance,Financial Analyst,Manager,Kolkata,Full-time,2025-08-14,1-3 Years,35-44,Women,Standard,15L-25L,2005099.66,4,Not Promoted,Eligible,Yes,43,65,54,81,70,4,Promotion,Active,None,None,Agency,2026-Q3
EMP00722,Customer Success,Customer Success Manager,Senior,Delhi NCR,Full-time,2026-06-06,0-1 Years,25-34,Men,Standard,10L-15L,1461012.28,4,Not Promoted,Not Eligible,No,22,62,74,66,59,4,Lateral Move,Active,None,None,Employee Referral,2026-Q3
EMP00723,Operations,Operations Analyst,Senior Manager,Kolkata,Full-time,2020-09-23,5-10 Years,25-34,Men,Standard,15L-25L,2242000,3,Not Promoted,Eligible,Yes,45,69,68,81,76,6,Lateral Move,Active,None,None,Job Portal,2025-Q4
EMP00724,Marketing,Marketing Specialist,Mid-Level,Chennai,Full-time,2026-05-18,0-1 Years,25-34,Men,Standard,5L-10L,995750.08,2,Not Promoted,Not Eligible,No,20,75,85,78,79,4,Department Transfer,Active,None,None,Employee Referral,2025-Q4
EMP00725,Marketing,Marketing Specialist,Mid-Level,Kolkata,Full-time,2024-02-11,1-3 Years,25-34,Men,Standard,5L-10L,867407.38,4,Not Promoted,Eligible,No,8,80,80,73,84,2,Department Transfer,Active,None,None,Agency,2026-Q3
EMP00726,IT,IT Support Specialist,Senior Manager,Kolkata,Full-time,2022-12-26,3-5 Years,18-24,Women,Standard,25L+,3133441.62,4,Not Promoted,Eligible,Yes,38,79,64,88,80,0,Department Transfer,Active,None,None,Company Website,2026-Q3
EMP00727,Finance,Financial Analyst,Manager,Hyderabad,Full-time,2023-08-10,3-5 Years,25-34,Women,Standard,15L-25L,1722805.9,3,Not Promoted,Eligible,Yes,27,85,71,64,88,2,Promotion,Exited,Voluntary,Relocation,Professional Network,2026-Q2
EMP00728,Sales,Sales Executive,Senior,Chennai,Full-time,2019-11-24,5-10 Years,25-34,Women,Standard,15L-25L,1559574.14,3,Not Promoted,Eligible,No,44,64,69,57,71,3,Promotion,Active,None,None,Job Portal,2025-Q4
EMP00729,Finance,Financial Analyst,Senior,Chennai,Full-time,2026-01-27,0-1 Years,18-24,Women,Standard,15L-25L,1519785.72,3,Not Promoted,Not Eligible,No,21,80,83,62,72,2,None,Active,None,None,Company Website,2026-Q2
EMP00730,Engineering,Software Engineer,Manager,Pune,Full-time,2024-12-31,1-3 Years,25-34,Women,Standard,15L-25L,2098966.3,3,Not Promoted,Eligible,Yes,55,84,73,84,94,5,Department Transfer,Active,None,None,Agency,2026-Q2
EMP00731,Customer Success,Customer Success Manager,Manager,Pune,Full-time,2022-04-21,3-5 Years,18-24,Women,Standard,15L-25L,2040412.34,4,Not Promoted,Eligible,Yes,31,67,71,68,78,3,None,Active,None,None,Company Website,2026-Q2
EMP00732,HR,HR Analyst,Entry Level,Guwahati,Full-time,2026-01-21,0-1 Years,45-54,Women,Standard,5L-10L,506009.96,3,Not Promoted,Not Eligible,No,18,83,78,62,90,3,Department Transfer,Active,None,None,Company Website,2025-Q4
EMP00733,HR,HR Analyst,Senior,Guwahati,Full-time,2022-03-20,3-5 Years,35-44,Men,Standard,15L-25L,1538750.68,4,Not Promoted,Eligible,No,44,70,81,84,63,4,Lateral Move,Active,None,None,Campus,2026-Q2
EMP00734,Marketing,Marketing Specialist,Leadership,Hyderabad,Full-time,2022-02-01,3-5 Years,25-34,Women,Standard,25L+,4700185.44,2,Not Promoted,Not Eligible,Yes,50,69,78,67,66,5,Promotion,Exited,Voluntary,Compensation,Company Website,2026-Q1
EMP00735,IT,IT Support Specialist,Junior,Pune,Full-time,2020-12-19,5-10 Years,35-44,Non-binary,Standard,5L-10L,693842.36,4,Not Promoted,Eligible,No,12,78,53,66,98,4,Lateral Move,Active,None,None,Company Website,2025-Q4
EMP00736,Operations,Operations Analyst,Mid-Level,Bengaluru,Full-time,2020-08-17,5-10 Years,45-54,Men,Standard,5L-10L,945355.82,3,Not Promoted,Eligible,No,34,74,81,70,69,1,Lateral Move,Active,None,None,Agency,2026-Q3
EMP00737,Finance,Financial Analyst,Senior,Chennai,Full-time,2026-02-24,0-1 Years,45-54,Men,Standard,10L-15L,1377087.14,3,Not Promoted,Not Eligible,No,19,73,60,75,86,2,Lateral Move,Active,None,None,Professional Network,2026-Q2
EMP00738,Engineering,Software Engineer,Senior,Hyderabad,Full-time,2020-04-20,5-10 Years,35-44,Men,Standard,10L-15L,1366711.4,5,Promoted,Eligible,No,21,65,96,62,64,2,Department Transfer,Active,None,None,Campus,2026-Q3
EMP00739,Finance,Financial Analyst,Senior Manager,Kolkata,Full-time,2026-08-31,0-1 Years,25-34,Women,Standard,25L+,2501432.44,3,Not Promoted,Not Eligible,Yes,47,76,67,74,74,5,Department Transfer,Active,None,None,Employee Referral,2026-Q3
EMP00740,Engineering,Software Engineer,Senior,Hyderabad,Full-time,2024-01-13,1-3 Years,18-24,Women,Standard,10L-15L,1396028.5,4,Not Promoted,Eligible,No,17,74,74,68,67,6,Promotion,Active,None,None,Professional Network,2025-Q4
EMP00741,Sales,Sales Executive,Mid-Level,Pune,Contract,2023-11-04,1-3 Years,25-34,Men,Standard,5L-10L,924296.36,5,Not Promoted,Eligible,No,46,75,83,91,77,5,Promotion,Active,None,None,Campus,2025-Q4
EMP00742,HR,HR Analyst,Senior,Kolkata,Full-time,2024-03-03,1-3 Years,45-54,Women,Standard,10L-15L,1436507.22,4,Not Promoted,Eligible,No,21,62,52,67,73,3,Lateral Move,Active,None,None,Company Website,2026-Q1
EMP00743,Operations,Operations Analyst,Entry Level,Mumbai,Full-time,2022-07-07,3-5 Years,18-24,Men,Standard,Below 5L,439420.2,4,Not Promoted,Not Eligible,No,33,74,78,79,82,3,None,Active,None,None,Job Portal,2025-Q4
EMP00744,Customer Success,Customer Success Manager,Junior,Bengaluru,Full-time,2024-11-21,1-3 Years,35-44,Women,Standard,5L-10L,699815.52,4,Promoted,Eligible,No,30,80,86,97,60,2,Department Transfer,Active,None,None,Professional Network,2026-Q2
EMP00745,HR,HR Analyst,Senior,Delhi NCR,Full-time,2019-05-20,5-10 Years,18-24,Women,Standard,10L-15L,1423301.84,3,Promoted,Eligible,No,29,69,70,68,89,3,None,Exited,Voluntary,Compensation,Company Website,2025-Q4
EMP00746,Sales,Sales Executive,Senior,Bengaluru,Full-time,2025-10-12,0-1 Years,35-44,Men,Standard,15L-25L,1646087.02,3,Not Promoted,Not Eligible,No,32,74,92,62,62,3,Lateral Move,Active,None,None,Professional Network,2026-Q1
EMP00747,Sales,Sales Executive,Senior Manager,Mumbai,Full-time,2021-11-03,3-5 Years,35-44,Men,Standard,25L+,2951167.02,2,Not Promoted,Eligible,Yes,37,77,82,56,65,5,None,Active,None,None,Campus,2026-Q3
EMP00748,Operations,Operations Analyst,Mid-Level,Hyderabad,Full-time,2020-10-25,5-10 Years,35-44,Women,Standard,5L-10L,958233.16,3,Not Promoted,Eligible,No,35,62,73,47,57,2,Promotion,Active,None,None,Agency,2026-Q3
EMP00749,Operations,Operations Analyst,Entry Level,Guwahati,Full-time,2021-11-23,3-5 Years,55+,Men,Standard,Below 5L,490596.8,2,Not Promoted,Not Eligible,No,29,63,62,78,64,3,Promotion,Active,None,None,Job Portal,2026-Q3
EMP00750,Finance,Financial Analyst,Mid-Level,Kolkata,Full-time,2020-12-31,5-10 Years,25-34,Women,Standard,5L-10L,954664.84,4,Not Promoted,Eligible,No,12,70,73,83,69,4,None,Active,None,None,Agency,2026-Q1
EMP00751,Sales,Sales Executive,Junior,Chennai,Contract,2021-11-26,3-5 Years,18-24,Men,Standard,5L-10L,602709.78,4,Promoted,Eligible,No,39,68,73,47,81,4,None,Active,None,None,Professional Network,2026-Q2
EMP00752,IT,IT Support Specialist,Mid-Level,Guwahati,Full-time,2024-07-31,1-3 Years,35-44,Men,Standard,5L-10L,966474.28,3,Not Promoted,Eligible,No,21,90,97,85,84,1,None,Active,None,None,Professional Network,2026-Q3
EMP00753,HR,HR Analyst,Senior Manager,Mumbai,Full-time,2022-09-12,3-5 Years,35-44,Men,Standard,25L+,2583939.22,4,Not Promoted,Eligible,Yes,46,76,85,65,100,1,None,Active,None,None,Agency,2026-Q3
EMP00754,Customer Success,Customer Success Manager,Senior Manager,Kolkata,Full-time,2019-10-15,5-10 Years,25-34,Men,Standard,25L+,2656669.7,3,Not Promoted,Eligible,Yes,34,81,90,73,72,0,None,Active,None,None,Professional Network,2026-Q3
EMP00755,Sales,Sales Executive,Manager,Pune,Part-time,2022-09-27,3-5 Years,35-44,Men,Standard,15L-25L,2140287.54,4,Not Promoted,Eligible,Yes,39,67,89,42,76,2,Department Transfer,Exited,Involuntary,Performance,Campus,2026-Q2
EMP00756,Sales,Sales Executive,Mid-Level,Chennai,Contract,2022-04-02,3-5 Years,25-34,Women,Standard,10L-15L,1001206.4,4,Not Promoted,Eligible,No,0,86,90,80,92,5,Lateral Move,Active,None,None,Agency,2026-Q1
EMP00757,HR,HR Analyst,Junior,Kolkata,Full-time,2020-03-13,5-10 Years,35-44,Women,Standard,5L-10L,634553.26,3,Not Promoted,Eligible,No,10,77,77,89,74,5,Promotion,Active,None,None,Professional Network,2026-Q3
EMP00758,Finance,Financial Analyst,Entry Level,Mumbai,Full-time,2019-05-27,5-10 Years,35-44,Women,Standard,Below 5L,492281.84,3,Not Promoted,Not Eligible,No,35,81,85,74,70,2,Lateral Move,Exited,Involuntary,Role Redundancy,Agency,2026-Q3
EMP00759,Sales,Sales Executive,Entry Level,Hyderabad,Full-time,2024-08-08,1-3 Years,25-34,Men,Standard,Below 5L,436306.18,4,Not Promoted,Not Eligible,No,25,76,83,73,74,0,Department Transfer,Active,None,None,Job Portal,2025-Q4
EMP00760,Operations,Operations Analyst,Entry Level,Guwahati,Full-time,2022-10-15,3-5 Years,45-54,Women,Standard,5L-10L,507200.58,4,Not Promoted,Not Eligible,No,32,74,70,72,75,0,None,Active,None,None,Employee Referral,2026-Q3
EMP00761,Marketing,Marketing Specialist,Senior,Delhi NCR,Contract,2019-10-23,5-10 Years,25-34,Prefer Not to Say,Not Collected,10L-15L,1474052.46,3,Promoted,Eligible,No,44,81,85,87,81,7,Lateral Move,Active,None,None,Job Portal,2026-Q3
EMP00762,Engineering,Software Engineer,Junior,Delhi NCR,Full-time,2026-04-11,0-1 Years,25-34,Women,Standard,5L-10L,652912.88,4,Not Promoted,Not Eligible,No,51,84,100,62,73,6,Lateral Move,Exited,Voluntary,Workload,Job Portal,2026-Q3
EMP00763,Marketing,Marketing Specialist,Leadership,Bengaluru,Full-time,2020-03-11,5-10 Years,25-34,Men,Standard,25L+,4644839.9,3,Not Promoted,Not Eligible,Yes,31,85,87,65,87,3,None,Active,None,None,Company Website,2026-Q1
EMP00764,Sales,Sales Executive,Senior Manager,Delhi NCR,Full-time,2023-10-12,1-3 Years,45-54,Women,Standard,25L+,3336737.92,4,Not Promoted,Eligible,Yes,22,85,79,80,83,4,Department Transfer,Active,None,None,Professional Network,2026-Q1
EMP00765,Operations,Operations Analyst,Senior,Delhi NCR,Full-time,2019-07-06,5-10 Years,25-34,Women,Standard,10L-15L,1309277.26,3,Not Promoted,Eligible,No,15,74,70,71,72,2,Promotion,Exited,Voluntary,Relocation,Employee Referral,2026-Q2
EMP00766,Marketing,Marketing Specialist,Senior,Chennai,Full-time,2021-09-24,5-10 Years,45-54,Women,Standard,10L-15L,1372658.6,4,Not Promoted,Eligible,No,9,86,74,62,85,4,None,Active,None,None,Professional Network,2026-Q3
EMP00767,Marketing,Marketing Specialist,Entry Level,Guwahati,Full-time,2024-06-17,1-3 Years,18-24,Men,Standard,5L-10L,541150.36,4,Not Promoted,Not Eligible,No,35,64,63,79,62,4,None,Exited,Voluntary,Career Growth,Professional Network,2026-Q2
EMP00768,Customer Success,Customer Success Manager,Entry Level,Chennai,Full-time,2020-06-03,5-10 Years,35-44,Non-binary,Standard,Below 5L,463201.92,4,Not Promoted,Not Eligible,No,37,86,73,72,100,2,Lateral Move,Active,None,None,Campus,2026-Q3
EMP00769,Customer Success,Customer Success Manager,Entry Level,Delhi NCR,Full-time,2020-12-15,5-10 Years,35-44,Women,Standard,Below 5L,484526.88,5,Not Promoted,Not Eligible,No,3,70,61,68,83,5,None,Active,None,None,Professional Network,2026-Q3
EMP00770,Sales,Sales Executive,Manager,Hyderabad,Full-time,2022-11-25,3-5 Years,55+,Men,Standard,15L-25L,1876502.08,3,Not Promoted,Eligible,Yes,35,83,98,99,51,1,Lateral Move,Active,None,None,Company Website,2025-Q4
EMP00771,Operations,Operations Analyst,Mid-Level,Delhi NCR,Full-time,2024-03-16,1-3 Years,25-34,Men,Standard,5L-10L,988511.96,4,Not Promoted,Eligible,No,25,71,78,79,87,3,Lateral Move,Active,None,None,Employee Referral,2025-Q4
EMP00772,Marketing,Marketing Specialist,Senior,Chennai,Full-time,2024-07-30,1-3 Years,25-34,Women,Standard,10L-15L,1403622.98,3,Not Promoted,Eligible,No,39,66,70,55,69,1,None,Exited,Voluntary,Compensation,Agency,2026-Q2
EMP00773,Operations,Operations Analyst,Mid-Level,Chennai,Full-time,2019-06-27,5-10 Years,35-44,Women,Standard,10L-15L,1046111.3,4,Promoted,Eligible,No,13,73,91,77,62,4,None,Active,None,None,Employee Referral,2026-Q1
EMP00774,Engineering,Software Engineer,Entry Level,Chennai,Full-time,2024-10-10,1-3 Years,25-34,Women,Standard,Below 5L,438735.8,3,Not Promoted,Not Eligible,No,41,86,90,86,83,0,None,Exited,Voluntary,Relocation,Company Website,2026-Q2
EMP00775,Customer Success,Customer Success Manager,Senior,Delhi NCR,Contract,2026-08-04,0-1 Years,25-34,Men,Standard,10L-15L,1340797.42,3,Not Promoted,Not Eligible,No,46,65,84,79,53,4,Promotion,Active,None,None,Job Portal,2026-Q2
EMP00776,Finance,Financial Analyst,Mid-Level,Bengaluru,Contract,2021-08-29,5-10 Years,25-34,Men,Standard,10L-15L,1015637.8,3,Not Promoted,Eligible,No,18,63,63,75,63,3,Lateral Move,Active,None,None,Employee Referral,2025-Q4
EMP00777,IT,IT Support Specialist,Mid-Level,Chennai,Full-time,2019-08-11,5-10 Years,45-54,Men,Standard,10L-15L,1079593.8,4,Not Promoted,Eligible,No,37,73,76,74,86,3,Lateral Move,Active,None,None,Company Website,2026-Q3
EMP00778,Marketing,Marketing Specialist,Junior,Kolkata,Full-time,2023-03-10,3-5 Years,35-44,Men,Standard,5L-10L,678510.62,3,Not Promoted,Eligible,No,43,77,57,100,72,2,Lateral Move,Active,None,None,Campus,2026-Q1
EMP00779,Operations,Operations Analyst,Leadership,Mumbai,Full-time,2019-05-12,5-10 Years,25-34,Women,Standard,25L+,4496946.96,4,Not Promoted,Not Eligible,Yes,45,72,83,62,57,2,None,Active,None,None,Job Portal,2026-Q3
EMP00780,IT,IT Support Specialist,Mid-Level,Kolkata,Full-time,2020-12-02,5-10 Years,25-34,Men,Standard,5L-10L,892831.66,4,Not Promoted,Eligible,No,0,81,72,79,81,0,Lateral Move,Active,None,None,Company Website,2026-Q1
EMP00781,Marketing,Marketing Specialist,Senior,Delhi NCR,Full-time,2019-12-21,5-10 Years,45-54,Prefer Not to Say,Not Collected,10L-15L,1333074.32,3,Not Promoted,Eligible,No,9,57,60,54,64,4,Department Transfer,Active,None,None,Employee Referral,2026-Q3
EMP00782,IT,IT Support Specialist,Entry Level,Hyderabad,Full-time,2019-03-01,5-10 Years,35-44,Men,Standard,Below 5L,496055.48,4,Not Promoted,Not Eligible,No,35,70,70,95,54,3,Department Transfer,Active,None,None,Employee Referral,2026-Q1
EMP00783,Operations,Operations Analyst,Entry Level,Kolkata,Full-time,2025-07-01,1-3 Years,45-54,Women,Standard,Below 5L,429180.16,5,Not Promoted,Not Eligible,No,22,53,49,63,61,4,Lateral Move,Active,None,None,Company Website,2026-Q1
EMP00784,Engineering,Software Engineer,Senior Manager,Kolkata,Part-time,2019-07-01,5-10 Years,45-54,Men,Standard,25L+,2874236.92,4,Promoted,Eligible,Yes,32,84,87,79,70,3,Department Transfer,Active,None,None,Company Website,2025-Q4
EMP00785,Customer Success,Customer Success Manager,Senior Manager,Kolkata,Full-time,2024-05-17,1-3 Years,25-34,Men,Standard,25L+,2868830.16,4,Not Promoted,Eligible,Yes,44,62,82,47,64,6,None,Active,None,None,Employee Referral,2025-Q4
EMP00786,Engineering,Software Engineer,Manager,Kolkata,Full-time,2021-06-11,5-10 Years,25-34,Men,Standard,15L-25L,2126664.44,4,Promoted,Eligible,Yes,34,90,93,64,88,4,Promotion,Active,None,None,Job Portal,2025-Q4
EMP00787,IT,IT Support Specialist,Senior,Hyderabad,Full-time,2020-10-24,5-10 Years,25-34,Women,Standard,10L-15L,1371403.08,5,Not Promoted,Eligible,No,32,76,85,75,74,6,None,Active,None,None,Agency,2026-Q1
EMP00788,Customer Success,Customer Success Manager,Senior,Mumbai,Full-time,2023-02-26,3-5 Years,18-24,Men,Standard,10L-15L,1265360.02,5,Not Promoted,Eligible,No,17,79,84,58,93,6,None,Active,None,None,Job Portal,2026-Q3
EMP00789,Operations,Operations Analyst,Mid-Level,Guwahati,Full-time,2022-04-29,3-5 Years,25-34,Men,Standard,5L-10L,931903.82,2,Not Promoted,Eligible,No,21,78,71,76,90,4,Promotion,Active,None,None,Company Website,2026-Q1
EMP00790,Sales,Sales Executive,Mid-Level,Pune,Full-time,2019-08-13,5-10 Years,25-34,Men,Standard,10L-15L,1027129.82,4,Not Promoted,Eligible,No,21,80,69,85,89,2,Promotion,Active,None,None,Job Portal,2026-Q3
EMP00791,Operations,Operations Analyst,Senior,Chennai,Full-time,2025-12-10,0-1 Years,45-54,Men,Standard,10L-15L,1414645.36,3,Not Promoted,Not Eligible,No,44,72,77,82,69,3,None,Active,None,None,Employee Referral,2025-Q4
EMP00792,Finance,Financial Analyst,Mid-Level,Mumbai,Full-time,2022-10-03,3-5 Years,25-34,Men,Standard,5L-10L,975218.08,2,Not Promoted,Eligible,No,23,77,83,73,76,0,None,Active,None,None,Professional Network,2026-Q1
EMP00793,Finance,Financial Analyst,Senior Manager,Pune,Full-time,2022-12-15,3-5 Years,35-44,Men,Standard,25L+,2849213.84,2,Not Promoted,Eligible,Yes,38,73,78,82,68,1,Department Transfer,Active,None,None,Job Portal,2026-Q2
EMP00794,Operations,Operations Analyst,Senior Manager,Chennai,Part-time,2024-06-14,1-3 Years,25-34,Men,Standard,25L+,2571257.76,2,Not Promoted,Eligible,Yes,42,51,71,67,65,0,None,Active,None,None,Company Website,2026-Q2
EMP00795,IT,IT Support Specialist,Junior,Pune,Full-time,2026-07-20,0-1 Years,25-34,Men,Standard,5L-10L,753961,2,Not Promoted,Not Eligible,No,24,63,84,73,63,2,None,Active,None,None,Agency,2025-Q4
EMP00796,Sales,Sales Executive,Manager,Kolkata,Full-time,2021-01-02,5-10 Years,25-34,Men,Standard,15L-25L,2042967.04,3,Not Promoted,Eligible,Yes,37,71,76,72,81,6,None,Active,None,None,Campus,2025-Q4
EMP00797,Marketing,Marketing Specialist,Mid-Level,Chennai,Full-time,2020-09-08,5-10 Years,35-44,Men,Standard,10L-15L,1076419.6,4,Not Promoted,Eligible,No,31,98,100,67,99,1,None,Active,None,None,Professional Network,2026-Q1
EMP00798,IT,IT Support Specialist,Leadership,Pune,Full-time,2023-09-17,3-5 Years,25-34,Women,Standard,25L+,5191745.12,4,Not Promoted,Not Eligible,Yes,20,87,74,99,75,4,Department Transfer,Active,None,None,Job Portal,2026-Q2
EMP00799,Finance,Financial Analyst,Entry Level,Bengaluru,Full-time,2019-04-01,5-10 Years,35-44,Prefer Not to Say,Not Collected,5L-10L,505550.94,3,Not Promoted,Not Eligible,No,5,78,70,74,91,4,Lateral Move,Active,None,None,Company Website,2026-Q2
EMP00800,Customer Success,Customer Success Manager,Entry Level,Pune,Full-time,2026-05-09,0-1 Years,35-44,Women,Standard,5L-10L,529202.86,3,Not Promoted,Not Eligible,No,19,68,87,85,35,2,Promotion,Active,None,None,Professional Network,2026-Q3
EMP00801,IT,IT Support Specialist,Leadership,Hyderabad,Full-time,2025-05-12,1-3 Years,25-34,Women,Standard,25L+,4441019.68,4,Not Promoted,Not Eligible,Yes,31,76,70,92,80,2,Lateral Move,Active,None,None,Campus,2026-Q1
EMP00802,HR,HR Analyst,Junior,Delhi NCR,Contract,2024-06-06,1-3 Years,55+,Non-binary,Standard,5L-10L,713941.3,3,Not Promoted,Eligible,No,34,68,68,59,79,5,Promotion,Active,None,None,Job Portal,2026-Q1
EMP00803,Operations,Operations Analyst,Manager,Hyderabad,Full-time,2024-02-11,1-3 Years,35-44,Women,Standard,15L-25L,1967589.82,4,Not Promoted,Eligible,Yes,51,69,88,61,66,3,Lateral Move,Active,None,None,Campus,2026-Q1
EMP00804,Marketing,Marketing Specialist,Mid-Level,Mumbai,Full-time,2020-10-22,5-10 Years,18-24,Men,Standard,10L-15L,1005305.72,3,Not Promoted,Eligible,No,27,77,93,80,80,10,None,Active,None,None,Company Website,2026-Q1
EMP00805,IT,IT Support Specialist,Mid-Level,Hyderabad,Full-time,2023-02-23,3-5 Years,25-34,Women,Standard,5L-10L,940340.82,4,Promoted,Eligible,No,38,72,88,63,66,9,None,Active,None,None,Campus,2026-Q1
EMP00806,Operations,Operations Analyst,Manager,Chennai,Full-time,2025-01-20,1-3 Years,25-34,Women,Standard,15L-25L,2137217.18,3,Not Promoted,Eligible,Yes,33,66,66,67,58,3,Promotion,Active,None,None,Job Portal,2026-Q3
EMP00807,IT,IT Support Specialist,Junior,Mumbai,Full-time,2024-02-20,1-3 Years,25-34,Prefer Not to Say,Not Collected,5L-10L,607878.18,4,Not Promoted,Eligible,No,18,74,75,73,70,4,Lateral Move,Exited,Voluntary,Personal Reasons,Campus,2026-Q2
EMP00808,IT,IT Support Specialist,Manager,Hyderabad,Full-time,2025-06-07,1-3 Years,25-34,Men,Standard,15L-25L,2079657.96,2,Not Promoted,Eligible,Yes,39,67,74,58,81,2,Department Transfer,Active,None,None,Job Portal,2026-Q3
EMP00809,Engineering,Software Engineer,Entry Level,Mumbai,Full-time,2026-08-09,0-1 Years,18-24,Prefer Not to Say,Not Collected,Below 5L,499014.92,3,Not Promoted,Not Eligible,No,0,64,83,59,64,5,None,Active,None,None,Agency,2026-Q1
EMP00810,IT,IT Support Specialist,Manager,Pune,Full-time,2020-01-14,5-10 Years,45-54,Men,Standard,15L-25L,2372425.4,3,Not Promoted,Eligible,Yes,36,70,52,76,81,3,Lateral Move,Active,None,None,Employee Referral,2026-Q2
EMP00811,Finance,Financial Analyst,Junior,Guwahati,Contract,2019-12-09,5-10 Years,18-24,Men,Standard,5L-10L,709732.24,3,Not Promoted,Eligible,No,35,81,81,78,74,3,Department Transfer,Active,None,None,Job Portal,2026-Q3
EMP00812,Finance,Financial Analyst,Senior,Chennai,Full-time,2022-07-25,3-5 Years,25-34,Men,Standard,10L-15L,1381886.2,3,Not Promoted,Eligible,No,34,85,87,76,96,4,None,Active,None,None,Campus,2026-Q3
EMP00813,Marketing,Marketing Specialist,Entry Level,Kolkata,Full-time,2023-02-23,3-5 Years,35-44,Women,Standard,Below 5L,403097.44,4,Not Promoted,Not Eligible,No,28,74,78,81,65,4,Department Transfer,Active,None,None,Campus,2026-Q2
EMP00814,Operations,Operations Analyst,Junior,Hyderabad,Contract,2023-12-31,1-3 Years,25-34,Women,Standard,5L-10L,674635.5,4,Not Promoted,Eligible,No,28,72,73,64,61,3,None,Active,None,None,Agency,2026-Q3
EMP00815,IT,IT Support Specialist,Senior,Hyderabad,Full-time,2020-11-01,5-10 Years,45-54,Prefer Not to Say,Not Collected,10L-15L,1458953.18,5,Not Promoted,Eligible,No,30,70,58,78,79,4,Department Transfer,Active,None,None,Agency,2026-Q1
EMP00816,Sales,Sales Executive,Manager,Mumbai,Full-time,2021-05-01,5-10 Years,55+,Women,Standard,15L-25L,2040253.04,3,Not Promoted,Eligible,Yes,33,74,62,78,88,5,Promotion,Exited,Involuntary,Business Restructuring,Job Portal,2025-Q4
EMP00817,Customer Success,Customer Success Manager,Entry Level,Hyderabad,Full-time,2023-08-25,3-5 Years,35-44,Men,Standard,Below 5L,464145.92,4,Not Promoted,Not Eligible,No,28,81,100,71,81,4,Lateral Move,Active,None,None,Professional Network,2026-Q1
EMP00818,Finance,Financial Analyst,Mid-Level,Mumbai,Full-time,2023-04-13,3-5 Years,25-34,Men,Standard,10L-15L,1029620.8,4,Not Promoted,Eligible,No,24,83,72,79,94,3,Department Transfer,Exited,Involuntary,Policy Violation,Agency,2026-Q3
EMP00819,Finance,Financial Analyst,Entry Level,Guwahati,Full-time,2019-01-11,5-10 Years,18-24,Men,Standard,Below 5L,450251.42,3,Not Promoted,Not Eligible,No,13,92,94,85,97,4,Lateral Move,Active,None,None,Professional Network,2026-Q3
EMP00820,Sales,Sales Executive,Mid-Level,Hyderabad,Full-time,2023-09-05,3-5 Years,55+,Men,Standard,10L-15L,1009920.7,4,Promoted,Eligible,No,20,62,78,55,70,4,Lateral Move,Exited,Involuntary,Business Restructuring,Job Portal,2026-Q2
EMP00821,IT,IT Support Specialist,Mid-Level,Kolkata,Full-time,2021-11-22,3-5 Years,35-44,Women,Standard,5L-10L,960227.36,3,Not Promoted,Eligible,No,17,79,87,74,72,6,Department Transfer,Active,None,None,Job Portal,2026-Q2
EMP00822,Engineering,Software Engineer,Senior,Hyderabad,Full-time,2020-10-29,5-10 Years,35-44,Women,Standard,15L-25L,1513005.44,4,Not Promoted,Eligible,No,6,72,84,66,62,3,Lateral Move,Active,None,None,Professional Network,2026-Q1
EMP00823,Operations,Operations Analyst,Entry Level,Mumbai,Contract,2019-08-05,5-10 Years,35-44,Women,Standard,5L-10L,529299.62,3,Not Promoted,Not Eligible,No,44,78,62,85,90,2,Promotion,Active,None,None,Professional Network,2026-Q2
EMP00824,Engineering,Software Engineer,Mid-Level,Hyderabad,Full-time,2022-04-09,3-5 Years,25-34,Men,Standard,5L-10L,945323.96,3,Not Promoted,Eligible,No,25,85,83,97,92,5,None,Active,None,None,Professional Network,2026-Q1
EMP00825,Sales,Sales Executive,Junior,Mumbai,Full-time,2025-02-05,1-3 Years,45-54,Men,Standard,5L-10L,620197.38,3,Not Promoted,Eligible,No,35,80,82,77,88,1,Promotion,Active,None,None,Professional Network,2026-Q2
EMP00826,HR,HR Analyst,Mid-Level,Pune,Full-time,2020-01-28,5-10 Years,45-54,Women,Standard,5L-10L,985797.96,3,Not Promoted,Eligible,No,15,76,88,81,86,1,Promotion,Active,None,None,Job Portal,2026-Q1
EMP00827,HR,HR Analyst,Entry Level,Pune,Full-time,2024-06-09,1-3 Years,25-34,Men,Standard,Below 5L,396760.84,5,Not Promoted,Not Eligible,No,33,76,75,85,59,2,Department Transfer,Active,None,None,Employee Referral,2025-Q4
EMP00828,Finance,Financial Analyst,Mid-Level,Mumbai,Full-time,2024-08-23,1-3 Years,35-44,Men,Standard,10L-15L,1037102,4,Not Promoted,Eligible,No,33,85,68,100,73,1,Lateral Move,Active,None,None,Company Website,2025-Q4
EMP00829,Customer Success,Customer Success Manager,Junior,Chennai,Full-time,2019-11-09,5-10 Years,35-44,Men,Standard,5L-10L,676822.04,4,Promoted,Eligible,No,59,98,100,90,100,0,Lateral Move,Active,None,None,Agency,2026-Q2
EMP00830,HR,HR Analyst,Junior,Pune,Part-time,2020-07-23,5-10 Years,55+,Men,Standard,5L-10L,649532.18,3,Not Promoted,Eligible,No,30,71,60,74,78,3,Promotion,Active,None,None,Campus,2025-Q4
EMP00831,Sales,Sales Executive,Entry Level,Delhi NCR,Full-time,2020-06-11,5-10 Years,55+,Women,Standard,5L-10L,523026.74,3,Not Promoted,Not Eligible,No,30,77,74,90,73,5,Lateral Move,Active,None,None,Campus,2026-Q1
EMP00832,Finance,Financial Analyst,Mid-Level,Mumbai,Full-time,2019-11-18,5-10 Years,25-34,Women,Standard,10L-15L,1016210.1,3,Not Promoted,Eligible,No,21,77,75,56,80,6,None,Active,None,None,Agency,2026-Q3
EMP00833,Engineering,Software Engineer,Manager,Delhi NCR,Full-time,2020-03-17,5-10 Years,35-44,Women,Standard,15L-25L,2163063.9,4,Promoted,Eligible,Yes,38,84,75,63,82,2,None,Active,None,None,Campus,2025-Q4
EMP00834,Sales,Sales Executive,Junior,Hyderabad,Full-time,2026-06-27,0-1 Years,25-34,Women,Standard,5L-10L,661952.86,3,Not Promoted,Not Eligible,No,11,87,66,99,85,1,None,Active,None,None,Job Portal,2026-Q1
EMP00835,Finance,Financial Analyst,Manager,Mumbai,Full-time,2026-07-09,0-1 Years,18-24,Women,Standard,15L-25L,2227062.38,5,Not Promoted,Not Eligible,Yes,16,64,63,63,71,1,Promotion,Exited,Voluntary,Manager Relationship,Campus,2026-Q2
EMP00836,Operations,Operations Analyst,Junior,Mumbai,Contract,2024-08-12,1-3 Years,55+,Men,Standard,5L-10L,656522.5,3,Not Promoted,Eligible,No,1,62,64,66,74,2,Lateral Move,Active,None,None,Job Portal,2025-Q4
EMP00837,Engineering,Software Engineer,Mid-Level,Delhi NCR,Full-time,2021-02-23,5-10 Years,18-24,Women,Standard,5L-10L,994204.28,3,Not Promoted,Eligible,No,37,82,71,82,90,2,Lateral Move,Active,None,None,Company Website,2025-Q4
EMP00838,Sales,Sales Executive,Senior,Delhi NCR,Full-time,2024-08-27,1-3 Years,45-54,Men,Standard,15L-25L,1520210.52,4,Not Promoted,Eligible,No,38,73,77,82,67,6,Department Transfer,Active,None,None,Company Website,2026-Q1
EMP00839,IT,IT Support Specialist,Manager,Bengaluru,Full-time,2021-01-10,5-10 Years,25-34,Men,Standard,15L-25L,2173724.02,4,Not Promoted,Eligible,Yes,29,87,76,75,94,1,Department Transfer,Active,None,None,Company Website,2026-Q1
EMP00840,Customer Success,Customer Success Manager,Mid-Level,Bengaluru,Full-time,2022-07-11,3-5 Years,35-44,Men,Standard,10L-15L,1004576.48,4,Promoted,Eligible,No,12,85,92,83,81,4,None,Active,None,None,Agency,2026-Q2
EMP00841,HR,HR Analyst,Mid-Level,Guwahati,Full-time,2019-12-03,5-10 Years,18-24,Men,Standard,5L-10L,914203.82,4,Not Promoted,Eligible,No,25,80,83,68,97,4,None,Active,None,None,Agency,2026-Q2
EMP00842,IT,IT Support Specialist,Mid-Level,Delhi NCR,Part-time,2025-03-18,1-3 Years,25-34,Men,Standard,10L-15L,1044028.6,3,Not Promoted,Eligible,No,12,68,75,77,62,4,Department Transfer,Active,None,None,Job Portal,2026-Q3
EMP00843,Operations,Operations Analyst,Junior,Mumbai,Full-time,2019-02-22,5-10 Years,25-34,Prefer Not to Say,Not Collected,5L-10L,708251.34,3,Not Promoted,Eligible,No,11,69,80,80,48,3,Department Transfer,Active,None,None,Agency,2026-Q3
EMP00844,Sales,Sales Executive,Entry Level,Bengaluru,Full-time,2020-08-10,5-10 Years,25-34,Women,Standard,Below 5L,440400.78,3,Not Promoted,Not Eligible,No,15,83,80,81,67,4,Department Transfer,Active,None,None,Company Website,2025-Q4
EMP00845,Marketing,Marketing Specialist,Senior Manager,Bengaluru,Full-time,2023-01-29,3-5 Years,18-24,Men,Standard,25L+,3109725.98,3,Not Promoted,Eligible,Yes,45,72,75,81,79,2,Promotion,Active,None,None,Agency,2025-Q4
EMP00846,Finance,Financial Analyst,Mid-Level,Kolkata,Full-time,2024-08-06,1-3 Years,25-34,Non-binary,Standard,5L-10L,948028.52,3,Not Promoted,Eligible,No,32,53,49,73,56,4,Promotion,Active,None,None,Professional Network,2026-Q3
EMP00847,Operations,Operations Analyst,Mid-Level,Chennai,Full-time,2026-06-23,0-1 Years,35-44,Women,Standard,10L-15L,1009794.44,3,Not Promoted,Not Eligible,No,13,78,61,58,81,2,Department Transfer,Active,None,None,Company Website,2026-Q2
EMP00848,Marketing,Marketing Specialist,Mid-Level,Chennai,Full-time,2020-03-18,5-10 Years,25-34,Women,Standard,10L-15L,1015453.72,4,Promoted,Eligible,No,33,73,69,54,100,2,Department Transfer,Active,None,None,Professional Network,2026-Q1
EMP00849,Engineering,Software Engineer,Entry Level,Bengaluru,Full-time,2019-08-05,5-10 Years,25-34,Men,Standard,Below 5L,482289.6,4,Not Promoted,Not Eligible,No,13,76,71,74,85,5,None,Active,None,None,Job Portal,2026-Q1
EMP00850,Customer Success,Customer Success Manager,Entry Level,Pune,Full-time,2020-09-17,5-10 Years,35-44,Women,Standard,Below 5L,412388.76,4,Not Promoted,Not Eligible,No,13,85,78,68,67,6,Promotion,Active,None,None,Job Portal,2025-Q4
EMP00851,IT,IT Support Specialist,Entry Level,Chennai,Full-time,2021-04-07,5-10 Years,45-54,Men,Standard,Below 5L,495276.68,4,Not Promoted,Not Eligible,No,50,78,77,88,72,5,Promotion,Active,None,None,Agency,2026-Q2
EMP00852,Operations,Operations Analyst,Manager,Guwahati,Full-time,2019-05-10,5-10 Years,45-54,Women,Standard,15L-25L,2276044.18,4,Not Promoted,Eligible,Yes,3,65,63,62,67,5,None,Active,None,None,Campus,2026-Q3
EMP00853,IT,IT Support Specialist,Junior,Chennai,Full-time,2019-05-28,5-10 Years,35-44,Men,Standard,5L-10L,755059.58,4,Promoted,Eligible,No,35,81,92,65,90,6,Promotion,Active,None,None,Employee Referral,2026-Q3
EMP00854,Customer Success,Customer Success Manager,Manager,Mumbai,Full-time,2022-07-03,3-5 Years,25-34,Men,Standard,15L-25L,2327330.52,3,Not Promoted,Eligible,Yes,51,67,64,75,63,5,Department Transfer,Active,None,None,Company Website,2026-Q3
EMP00855,IT,IT Support Specialist,Manager,Chennai,Full-time,2025-04-21,1-3 Years,25-34,Women,Standard,15L-25L,1994670.82,4,Not Promoted,Eligible,Yes,38,77,90,76,73,4,None,Active,None,None,Agency,2026-Q3
EMP00856,Operations,Operations Analyst,Manager,Hyderabad,Full-time,2022-08-05,3-5 Years,25-34,Women,Standard,15L-25L,2128920.6,3,Promoted,Eligible,Yes,26,87,84,58,100,4,None,Active,None,None,Campus,2026-Q2
EMP00857,Engineering,Software Engineer,Entry Level,Pune,Full-time,2023-04-08,3-5 Years,35-44,Women,Standard,Below 5L,485089.74,2,Not Promoted,Not Eligible,No,41,67,57,70,68,7,None,Active,None,None,Campus,2026-Q3
EMP00858,Operations,Operations Analyst,Entry Level,Guwahati,Full-time,2026-06-01,0-1 Years,45-54,Men,Standard,5L-10L,549092.94,4,Not Promoted,Not Eligible,No,24,77,91,79,65,3,Lateral Move,Active,None,None,Professional Network,2026-Q2
EMP00859,Sales,Sales Executive,Leadership,Bengaluru,Full-time,2022-06-02,3-5 Years,25-34,Women,Standard,25L+,3572788.66,5,Not Promoted,Not Eligible,Yes,39,94,96,93,85,1,None,Active,None,None,Job Portal,2026-Q2
EMP00860,Engineering,Software Engineer,Mid-Level,Chennai,Full-time,2026-05-18,0-1 Years,25-34,Prefer Not to Say,Not Collected,5L-10L,962495.32,3,Not Promoted,Not Eligible,No,41,81,91,74,66,0,Department Transfer,Active,None,None,Agency,2026-Q2
EMP00861,Engineering,Software Engineer,Mid-Level,Chennai,Full-time,2025-08-05,1-3 Years,55+,Men,Standard,5L-10L,987811.04,4,Promoted,Eligible,No,45,89,72,77,97,3,Promotion,Active,None,None,Agency,2026-Q2
EMP00862,Sales,Sales Executive,Junior,Chennai,Full-time,2020-02-14,5-10 Years,25-34,Women,Standard,5L-10L,732215.96,5,Not Promoted,Eligible,No,20,73,77,64,87,5,Lateral Move,Active,None,None,Company Website,2026-Q2
EMP00863,Marketing,Marketing Specialist,Senior,Hyderabad,Full-time,2023-01-28,3-5 Years,25-34,Women,Standard,10L-15L,1447305.4,3,Not Promoted,Eligible,No,14,64,64,61,73,5,Lateral Move,Active,None,None,Job Portal,2026-Q1
EMP00864,HR,HR Analyst,Senior,Hyderabad,Full-time,2019-07-14,5-10 Years,35-44,Women,Standard,15L-25L,1586887.6,3,Not Promoted,Eligible,No,15,61,68,57,82,6,Department Transfer,Active,None,None,Company Website,2025-Q4
EMP00865,Sales,Sales Executive,Senior,Pune,Full-time,2022-01-24,3-5 Years,25-34,Women,Standard,10L-15L,1446872.34,4,Promoted,Eligible,No,37,78,96,67,86,4,Department Transfer,Active,None,None,Campus,2025-Q4
EMP00866,HR,HR Analyst,Entry Level,Hyderabad,Full-time,2023-11-09,1-3 Years,25-34,Women,Standard,5L-10L,540600.48,5,Not Promoted,Not Eligible,No,19,83,82,91,70,5,Promotion,Active,None,None,Agency,2026-Q2
EMP00867,IT,IT Support Specialist,Senior Manager,Mumbai,Contract,2019-03-18,5-10 Years,25-34,Men,Standard,25L+,2625875.24,4,Not Promoted,Eligible,Yes,37,78,76,72,75,1,Lateral Move,Active,None,None,Employee Referral,2026-Q3
EMP00868,HR,HR Analyst,Mid-Level,Kolkata,Full-time,2025-05-07,1-3 Years,18-24,Women,Standard,10L-15L,1015418.32,4,Not Promoted,Eligible,No,8,79,83,93,65,8,None,Active,None,None,Campus,2026-Q3
EMP00869,Marketing,Marketing Specialist,Junior,Delhi NCR,Contract,2020-09-08,5-10 Years,25-34,Men,Standard,5L-10L,627554.68,3,Not Promoted,Eligible,No,62,70,77,66,74,6,Promotion,Active,None,None,Agency,2026-Q2
EMP00870,Sales,Sales Executive,Entry Level,Delhi NCR,Contract,2023-08-17,3-5 Years,25-34,Women,Standard,Below 5L,438869.14,2,Not Promoted,Not Eligible,No,22,74,62,77,69,6,Promotion,Active,None,None,Professional Network,2026-Q1
EMP00871,HR,HR Analyst,Senior,Delhi NCR,Part-time,2023-07-21,3-5 Years,25-34,Women,Standard,10L-15L,1406459.7,5,Not Promoted,Eligible,No,16,70,55,54,76,1,Lateral Move,Active,None,None,Employee Referral,2026-Q2
EMP00872,IT,IT Support Specialist,Junior,Chennai,Full-time,2025-04-12,1-3 Years,25-34,Men,Standard,5L-10L,786904.24,4,Not Promoted,Eligible,No,20,88,93,71,85,6,Department Transfer,Active,None,None,Job Portal,2026-Q1
EMP00873,Marketing,Marketing Specialist,Junior,Hyderabad,Full-time,2020-07-12,5-10 Years,25-34,Men,Standard,5L-10L,761136.58,3,Promoted,Eligible,No,18,70,77,66,69,3,Promotion,Active,None,None,Employee Referral,2025-Q4
EMP00874,IT,IT Support Specialist,Manager,Guwahati,Full-time,2019-08-15,5-10 Years,35-44,Men,Standard,15L-25L,2112295.58,4,Not Promoted,Eligible,Yes,26,76,87,67,77,3,None,Active,None,None,Campus,2025-Q4
EMP00875,Customer Success,Customer Success Manager,Mid-Level,Pune,Full-time,2026-07-14,0-1 Years,45-54,Men,Standard,10L-15L,1058316.04,4,Not Promoted,Not Eligible,No,21,71,48,70,89,1,None,Active,None,None,Professional Network,2026-Q1
EMP00876,Finance,Financial Analyst,Senior,Bengaluru,Full-time,2025-05-27,1-3 Years,25-34,Women,Standard,10L-15L,1335678.58,3,Not Promoted,Eligible,No,1,84,80,79,97,2,None,Active,None,None,Company Website,2026-Q2
EMP00877,IT,IT Support Specialist,Mid-Level,Bengaluru,Full-time,2021-09-02,5-10 Years,18-24,Women,Standard,5L-10L,948570.14,3,Not Promoted,Eligible,No,15,73,79,81,61,0,Promotion,Active,None,None,Company Website,2026-Q3
EMP00878,Finance,Financial Analyst,Entry Level,Kolkata,Full-time,2021-06-11,5-10 Years,25-34,Women,Standard,5L-10L,501938.96,3,Not Promoted,Not Eligible,No,52,67,65,70,72,3,Lateral Move,Active,None,None,Employee Referral,2026-Q2
EMP00879,IT,IT Support Specialist,Junior,Kolkata,Full-time,2021-11-07,3-5 Years,25-34,Men,Standard,5L-10L,666567.84,5,Not Promoted,Eligible,No,34,73,54,65,76,4,None,Active,None,None,Campus,2025-Q4
EMP00880,Operations,Operations Analyst,Junior,Kolkata,Full-time,2024-04-29,1-3 Years,45-54,Men,Standard,5L-10L,595520.04,4,Not Promoted,Eligible,No,39,86,92,99,77,3,Promotion,Active,None,None,Employee Referral,2026-Q2
EMP00881,IT,IT Support Specialist,Mid-Level,Pune,Full-time,2022-06-16,3-5 Years,25-34,Women,Standard,5L-10L,908572.86,3,Promoted,Eligible,No,34,83,86,96,68,5,None,Active,None,None,Professional Network,2025-Q4
EMP00882,Finance,Financial Analyst,Senior,Hyderabad,Full-time,2025-03-13,1-3 Years,25-34,Men,Standard,10L-15L,1285371.64,3,Not Promoted,Eligible,No,4,63,45,93,54,1,Promotion,Active,None,None,Professional Network,2025-Q4
EMP00883,Finance,Financial Analyst,Junior,Chennai,Full-time,2023-05-11,3-5 Years,25-34,Men,Standard,5L-10L,692920.78,3,Promoted,Eligible,No,30,75,74,61,91,2,Department Transfer,Active,None,None,Campus,2026-Q2
EMP00884,Sales,Sales Executive,Entry Level,Delhi NCR,Full-time,2022-05-03,3-5 Years,25-34,Women,Standard,5L-10L,532733.42,4,Not Promoted,Not Eligible,No,10,58,64,63,69,6,Lateral Move,Active,None,None,Employee Referral,2026-Q3
EMP00885,Operations,Operations Analyst,Junior,Kolkata,Full-time,2019-05-19,5-10 Years,35-44,Women,Standard,5L-10L,652886.92,4,Not Promoted,Eligible,No,41,78,77,74,68,3,None,Active,None,None,Agency,2026-Q3
EMP00886,Customer Success,Customer Success Manager,Senior Manager,Pune,Contract,2023-09-27,3-5 Years,18-24,Non-binary,Standard,25L+,2834250.26,4,Not Promoted,Eligible,Yes,32,75,86,76,65,4,None,Active,None,None,Professional Network,2026-Q2
EMP00887,Sales,Sales Executive,Leadership,Pune,Full-time,2023-09-20,3-5 Years,55+,Men,Standard,25L+,4442753.1,3,Not Promoted,Not Eligible,Yes,30,72,87,65,87,0,Promotion,Active,None,None,Job Portal,2025-Q4
EMP00888,Marketing,Marketing Specialist,Senior,Chennai,Full-time,2026-03-10,0-1 Years,35-44,Men,Standard,10L-15L,1454052.64,4,Not Promoted,Not Eligible,No,21,93,92,89,80,3,Lateral Move,Exited,Voluntary,Workload,Campus,2025-Q4
EMP00889,Sales,Sales Executive,Senior,Mumbai,Full-time,2021-10-19,3-5 Years,18-24,Women,Standard,10L-15L,1271361.5,4,Not Promoted,Eligible,No,19,69,92,40,72,9,Lateral Move,Active,None,None,Professional Network,2026-Q3
EMP00890,Operations,Operations Analyst,Leadership,Chennai,Full-time,2024-05-13,1-3 Years,35-44,Men,Standard,25L+,4856477.62,3,Not Promoted,Not Eligible,Yes,52,72,80,75,83,3,Lateral Move,Active,None,None,Professional Network,2026-Q2
EMP00891,HR,HR Analyst,Mid-Level,Delhi NCR,Full-time,2019-12-12,5-10 Years,35-44,Women,Standard,5L-10L,914923.62,4,Not Promoted,Eligible,No,37,90,66,92,82,3,Lateral Move,Active,None,None,Agency,2026-Q1
EMP00892,Engineering,Software Engineer,Junior,Guwahati,Contract,2025-04-06,1-3 Years,18-24,Men,Standard,5L-10L,715548.46,4,Not Promoted,Eligible,No,35,74,78,98,74,2,Lateral Move,Active,None,None,Agency,2026-Q1
EMP00893,HR,HR Analyst,Junior,Mumbai,Full-time,2019-07-23,5-10 Years,45-54,Men,Standard,5L-10L,739266.46,2,Not Promoted,Eligible,No,35,72,60,73,73,6,Department Transfer,Active,None,None,Employee Referral,2025-Q4
EMP00894,Operations,Operations Analyst,Entry Level,Mumbai,Full-time,2025-05-12,1-3 Years,45-54,Women,Standard,Below 5L,458800.52,3,Not Promoted,Not Eligible,No,27,79,61,68,94,1,None,Exited,Voluntary,Relocation,Professional Network,2026-Q3
EMP00895,Sales,Sales Executive,Senior,Delhi NCR,Full-time,2021-04-12,5-10 Years,45-54,Men,Standard,10L-15L,1468800.28,3,Not Promoted,Eligible,No,13,61,84,71,57,3,Promotion,Active,None,None,Agency,2026-Q3
EMP00896,Marketing,Marketing Specialist,Manager,Kolkata,Full-time,2021-04-26,5-10 Years,35-44,Men,Standard,15L-25L,1923267.84,4,Not Promoted,Eligible,Yes,35,65,88,62,65,5,Promotion,Active,None,None,Employee Referral,2026-Q3
EMP00897,Marketing,Marketing Specialist,Senior,Kolkata,Full-time,2020-08-20,5-10 Years,25-34,Women,Standard,10L-15L,1297066.62,3,Promoted,Eligible,No,15,77,84,78,78,2,Promotion,Active,None,None,Agency,2026-Q1
EMP00898,Operations,Operations Analyst,Senior,Chennai,Contract,2019-12-18,5-10 Years,35-44,Men,Standard,15L-25L,1521772.84,3,Promoted,Eligible,No,26,85,75,75,100,3,Lateral Move,Active,None,None,Professional Network,2026-Q3
EMP00899,Finance,Financial Analyst,Mid-Level,Kolkata,Full-time,2023-09-30,1-3 Years,25-34,Men,Standard,5L-10L,973536.58,4,Not Promoted,Eligible,No,26,81,59,80,100,3,Promotion,Active,None,None,Company Website,2025-Q4
EMP00900,Engineering,Software Engineer,Senior Manager,Pune,Full-time,2021-08-19,5-10 Years,45-54,Men,Standard,25L+,3123150.84,3,Not Promoted,Eligible,Yes,40,82,67,74,80,3,Promotion,Active,None,None,Professional Network,2025-Q4
EMP00901,Engineering,Software Engineer,Senior,Hyderabad,Full-time,2024-08-28,1-3 Years,35-44,Men,Standard,15L-25L,1585935.34,3,Not Promoted,Eligible,No,11,70,75,45,91,3,Promotion,Active,None,None,Professional Network,2026-Q2
EMP00902,Marketing,Marketing Specialist,Mid-Level,Guwahati,Contract,2025-07-05,1-3 Years,45-54,Men,Standard,5L-10L,982253.24,3,Not Promoted,Eligible,No,44,69,59,72,88,3,Lateral Move,Active,None,None,Campus,2026-Q3
EMP00903,Marketing,Marketing Specialist,Entry Level,Bengaluru,Full-time,2022-07-23,3-5 Years,35-44,Men,Standard,5L-10L,511526.46,3,Not Promoted,Not Eligible,No,14,85,77,82,88,2,Department Transfer,Active,None,None,Job Portal,2026-Q2
EMP00904,Engineering,Software Engineer,Entry Level,Mumbai,Full-time,2024-08-06,1-3 Years,25-34,Men,Standard,Below 5L,481985.16,4,Not Promoted,Not Eligible,No,53,75,57,96,74,5,Promotion,Active,None,None,Agency,2026-Q2
EMP00905,HR,HR Analyst,Manager,Hyderabad,Full-time,2024-10-18,1-3 Years,18-24,Women,Standard,15L-25L,2039941.52,3,Not Promoted,Eligible,Yes,38,69,88,82,69,2,Lateral Move,Active,None,None,Agency,2026-Q1
EMP00906,IT,IT Support Specialist,Junior,Guwahati,Full-time,2021-02-12,5-10 Years,35-44,Men,Standard,5L-10L,686855.58,3,Not Promoted,Eligible,No,31,76,79,58,100,4,Lateral Move,Active,None,None,Agency,2026-Q2
EMP00907,Marketing,Marketing Specialist,Mid-Level,Chennai,Full-time,2023-11-23,1-3 Years,25-34,Women,Standard,5L-10L,911469.76,3,Not Promoted,Eligible,No,28,80,73,93,86,2,Department Transfer,Exited,Voluntary,Manager Relationship,Company Website,2026-Q3
EMP00908,IT,IT Support Specialist,Mid-Level,Chennai,Contract,2020-04-05,5-10 Years,35-44,Men,Standard,10L-15L,1017832.6,3,Not Promoted,Eligible,No,19,94,84,87,83,3,Lateral Move,Active,None,None,Job Portal,2026-Q1
EMP00909,HR,HR Analyst,Manager,Mumbai,Full-time,2020-11-20,5-10 Years,35-44,Men,Standard,15L-25L,2225893,3,Not Promoted,Eligible,Yes,45,71,87,48,72,4,Promotion,Active,None,None,Professional Network,2026-Q1
EMP00910,Engineering,Software Engineer,Senior,Mumbai,Full-time,2023-09-02,3-5 Years,35-44,Women,Standard,10L-15L,1442191.28,3,Not Promoted,Eligible,No,47,69,86,71,65,4,Lateral Move,Active,None,None,Professional Network,2025-Q4
EMP00911,Operations,Operations Analyst,Entry Level,Guwahati,Full-time,2022-03-10,3-5 Years,25-34,Men,Standard,Below 5L,435794.06,4,Not Promoted,Not Eligible,No,30,74,75,65,60,2,None,Active,None,None,Company Website,2025-Q4
EMP00912,Operations,Operations Analyst,Manager,Mumbai,Full-time,2019-04-29,5-10 Years,35-44,Women,Standard,15L-25L,1936625.44,4,Promoted,Eligible,Yes,31,76,65,81,70,4,Department Transfer,Active,None,None,Campus,2025-Q4
EMP00913,Operations,Operations Analyst,Entry Level,Guwahati,Full-time,2026-05-11,0-1 Years,35-44,Men,Standard,Below 5L,483595.86,3,Not Promoted,Not Eligible,No,34,64,64,63,77,5,Department Transfer,Active,None,None,Professional Network,2026-Q1
EMP00914,Finance,Financial Analyst,Mid-Level,Guwahati,Full-time,2026-03-21,0-1 Years,25-34,Women,Standard,5L-10L,948644.48,3,Not Promoted,Not Eligible,No,26,90,90,100,93,1,Promotion,Active,None,None,Job Portal,2025-Q4
EMP00915,Customer Success,Customer Success Manager,Senior,Bengaluru,Full-time,2023-06-22,3-5 Years,18-24,Men,Standard,15L-25L,1638529.12,3,Not Promoted,Eligible,No,12,75,69,83,85,4,Lateral Move,Active,None,None,Agency,2025-Q4
EMP00916,Engineering,Software Engineer,Mid-Level,Delhi NCR,Full-time,2020-10-29,5-10 Years,45-54,Men,Standard,10L-15L,1056995.62,3,Not Promoted,Eligible,No,52,79,83,89,76,6,Department Transfer,Active,None,None,Professional Network,2026-Q1
EMP00917,Sales,Sales Executive,Entry Level,Hyderabad,Full-time,2024-07-03,1-3 Years,25-34,Women,Standard,Below 5L,443838.12,4,Not Promoted,Not Eligible,No,25,87,72,91,95,3,Department Transfer,Active,None,None,Campus,2026-Q1
EMP00918,Operations,Operations Analyst,Leadership,Bengaluru,Full-time,2023-02-14,3-5 Years,35-44,Men,Standard,25L+,4509962.36,4,Not Promoted,Not Eligible,Yes,30,73,70,55,66,4,Lateral Move,Active,None,None,Agency,2026-Q3
EMP00919,HR,HR Analyst,Mid-Level,Kolkata,Full-time,2020-01-05,5-10 Years,25-34,Men,Standard,5L-10L,934745.26,3,Not Promoted,Eligible,No,27,67,63,80,57,2,Promotion,Active,None,None,Agency,2026-Q3
EMP00920,Sales,Sales Executive,Manager,Guwahati,Full-time,2024-10-03,1-3 Years,18-24,Women,Standard,15L-25L,2025261.14,5,Not Promoted,Eligible,Yes,47,79,95,60,80,1,Department Transfer,Active,None,None,Professional Network,2026-Q1
EMP00921,IT,IT Support Specialist,Entry Level,Bengaluru,Part-time,2022-04-05,3-5 Years,35-44,Men,Standard,Below 5L,463315.2,3,Not Promoted,Not Eligible,No,34,67,54,70,75,3,Department Transfer,Active,None,None,Agency,2026-Q2
EMP00922,Marketing,Marketing Specialist,Senior Manager,Mumbai,Full-time,2022-05-15,3-5 Years,45-54,Non-binary,Standard,25L+,3183795.76,4,Not Promoted,Eligible,Yes,39,62,64,55,78,4,Department Transfer,Active,None,None,Job Portal,2025-Q4
EMP00923,Engineering,Software Engineer,Senior,Bengaluru,Full-time,2024-09-22,1-3 Years,25-34,Men,Standard,15L-25L,1529239.88,3,Not Promoted,Eligible,No,22,69,75,62,76,4,None,Active,None,None,Professional Network,2026-Q2
EMP00924,Operations,Operations Analyst,Mid-Level,Hyderabad,Full-time,2025-07-26,1-3 Years,25-34,Men,Standard,10L-15L,1031193.74,4,Promoted,Eligible,No,26,66,76,67,65,4,None,Active,None,None,Professional Network,2026-Q3
EMP00925,Marketing,Marketing Specialist,Senior Manager,Mumbai,Full-time,2023-05-29,3-5 Years,45-54,Men,Standard,25L+,2546010.48,4,Promoted,Eligible,Yes,57,67,66,71,70,2,Department Transfer,Active,None,None,Campus,2026-Q2
EMP00926,IT,IT Support Specialist,Senior Manager,Chennai,Full-time,2025-12-30,0-1 Years,25-34,Women,Standard,25L+,2833335.76,3,Not Promoted,Not Eligible,Yes,40,74,74,89,83,6,Promotion,Active,None,None,Employee Referral,2026-Q1
EMP00927,Marketing,Marketing Specialist,Manager,Bengaluru,Full-time,2025-10-10,0-1 Years,25-34,Men,Standard,15L-25L,2010651.56,3,Not Promoted,Not Eligible,Yes,46,67,74,73,72,0,Promotion,Active,None,None,Job Portal,2026-Q3
EMP00928,Engineering,Software Engineer,Junior,Guwahati,Part-time,2023-06-06,3-5 Years,25-34,Women,Standard,5L-10L,657120.76,3,Not Promoted,Eligible,No,31,66,79,52,86,3,Lateral Move,Active,None,None,Agency,2026-Q3
EMP00929,IT,IT Support Specialist,Mid-Level,Hyderabad,Full-time,2025-12-08,0-1 Years,35-44,Women,Standard,5L-10L,966845.98,5,Not Promoted,Not Eligible,No,19,70,76,92,80,4,Promotion,Active,None,None,Professional Network,2026-Q3
EMP00930,HR,HR Analyst,Senior,Bengaluru,Part-time,2020-05-27,5-10 Years,45-54,Women,Standard,10L-15L,1418560.6,5,Promoted,Eligible,No,29,80,74,89,72,6,Lateral Move,Active,None,None,Job Portal,2026-Q1
EMP00931,Engineering,Software Engineer,Leadership,Delhi NCR,Full-time,2024-05-24,1-3 Years,25-34,Men,Standard,25L+,3940630.06,5,Not Promoted,Not Eligible,Yes,38,86,83,95,83,2,Lateral Move,Active,None,None,Agency,2026-Q1
EMP00932,Sales,Sales Executive,Entry Level,Hyderabad,Full-time,2024-03-13,1-3 Years,18-24,Women,Standard,Below 5L,412253.06,3,Not Promoted,Not Eligible,No,8,78,79,74,76,2,Lateral Move,Active,None,None,Job Portal,2025-Q4
EMP00933,Marketing,Marketing Specialist,Manager,Mumbai,Full-time,2023-12-29,1-3 Years,35-44,Men,Standard,15L-25L,2140220.28,3,Not Promoted,Eligible,Yes,20,84,75,70,89,5,Department Transfer,Exited,Voluntary,Compensation,Employee Referral,2026-Q2
EMP00934,Customer Success,Customer Success Manager,Senior Manager,Guwahati,Full-time,2022-09-29,3-5 Years,35-44,Men,Standard,25L+,2595441.86,4,Promoted,Eligible,Yes,57,89,94,82,82,3,Department Transfer,Active,None,None,Agency,2026-Q2
EMP00935,Engineering,Software Engineer,Mid-Level,Chennai,Full-time,2023-06-26,3-5 Years,25-34,Women,Standard,5L-10L,982911.68,3,Not Promoted,Eligible,No,34,60,56,72,78,1,Department Transfer,Active,None,None,Job Portal,2025-Q4
EMP00936,Customer Success,Customer Success Manager,Junior,Pune,Contract,2025-03-16,1-3 Years,45-54,Men,Standard,5L-10L,696026.54,4,Promoted,Eligible,No,30,72,81,76,85,6,Department Transfer,Active,None,None,Job Portal,2026-Q3
EMP00937,Operations,Operations Analyst,Manager,Chennai,Full-time,2023-11-22,1-3 Years,25-34,Women,Standard,15L-25L,2019473.24,2,Promoted,Eligible,Yes,34,66,64,64,63,6,Promotion,Active,None,None,Agency,2026-Q2
EMP00938,IT,IT Support Specialist,Junior,Delhi NCR,Full-time,2024-09-10,1-3 Years,25-34,Men,Standard,5L-10L,724662.78,3,Not Promoted,Eligible,No,38,79,74,85,78,2,Promotion,Active,None,None,Professional Network,2026-Q3
EMP00939,Marketing,Marketing Specialist,Mid-Level,Hyderabad,Full-time,2023-05-18,3-5 Years,45-54,Men,Standard,5L-10L,965066.54,3,Not Promoted,Eligible,No,28,86,75,73,83,3,Promotion,Active,None,None,Employee Referral,2026-Q1
EMP00940,HR,HR Analyst,Junior,Bengaluru,Full-time,2026-06-25,0-1 Years,25-34,Women,Standard,5L-10L,764256.5,3,Not Promoted,Not Eligible,No,26,83,78,55,96,5,Department Transfer,Active,None,None,Employee Referral,2026-Q1
EMP00941,IT,IT Support Specialist,Senior,Bengaluru,Full-time,2023-08-31,3-5 Years,45-54,Men,Standard,15L-25L,1507749.72,2,Not Promoted,Eligible,No,53,63,56,76,75,3,Department Transfer,Active,None,None,Employee Referral,2025-Q4
EMP00942,Engineering,Software Engineer,Senior Manager,Pune,Full-time,2021-12-04,3-5 Years,35-44,Men,Standard,25L+,3133760.22,5,Not Promoted,Eligible,Yes,41,80,79,67,85,4,Lateral Move,Active,None,None,Company Website,2025-Q4
EMP00943,Sales,Sales Executive,Senior Manager,Pune,Full-time,2023-10-30,1-3 Years,25-34,Men,Standard,15L-25L,2288952.2,3,Not Promoted,Eligible,Yes,51,64,61,79,68,5,Lateral Move,Active,None,None,Employee Referral,2026-Q3
EMP00944,HR,HR Analyst,Senior,Pune,Full-time,2022-12-26,3-5 Years,45-54,Women,Standard,15L-25L,1550997.9,5,Not Promoted,Eligible,No,23,76,100,74,65,5,Promotion,Active,None,None,Professional Network,2025-Q4
EMP00945,Engineering,Software Engineer,Mid-Level,Chennai,Full-time,2024-02-16,1-3 Years,25-34,Women,Standard,5L-10L,946763.56,4,Not Promoted,Eligible,No,45,84,72,76,85,5,None,Active,None,None,Company Website,2025-Q4
EMP00946,Engineering,Software Engineer,Senior Manager,Bengaluru,Full-time,2020-11-15,5-10 Years,25-34,Men,Standard,25L+,2734638.2,4,Not Promoted,Eligible,Yes,20,73,83,59,88,6,Lateral Move,Active,None,None,Employee Referral,2026-Q2
EMP00947,IT,IT Support Specialist,Entry Level,Chennai,Full-time,2020-02-11,5-10 Years,35-44,Women,Standard,Below 5L,453276.94,4,Not Promoted,Not Eligible,No,14,81,67,74,87,4,Lateral Move,Active,None,None,Campus,2026-Q1
EMP00948,Sales,Sales Executive,Junior,Delhi NCR,Full-time,2023-12-04,1-3 Years,25-34,Women,Standard,5L-10L,764840.6,4,Not Promoted,Eligible,No,30,73,76,55,96,7,None,Active,None,None,Agency,2026-Q2
EMP00949,HR,HR Analyst,Junior,Mumbai,Full-time,2019-12-16,5-10 Years,45-54,Men,Standard,5L-10L,702813.9,3,Not Promoted,Eligible,No,30,81,77,77,77,3,Department Transfer,Active,None,None,Professional Network,2026-Q1
EMP00950,Marketing,Marketing Specialist,Mid-Level,Kolkata,Full-time,2021-07-23,5-10 Years,18-24,Women,Standard,10L-15L,1031564.26,3,Not Promoted,Eligible,No,30,76,77,71,81,1,Department Transfer,Active,None,None,Agency,2026-Q3
EMP00951,Operations,Operations Analyst,Mid-Level,Guwahati,Full-time,2023-12-18,1-3 Years,25-34,Women,Standard,5L-10L,949512.96,4,Promoted,Eligible,No,27,79,73,57,86,1,None,Active,None,None,Company Website,2025-Q4
EMP00952,Sales,Sales Executive,Mid-Level,Pune,Full-time,2022-07-13,3-5 Years,25-34,Women,Standard,10L-15L,1008518.86,3,Not Promoted,Eligible,No,13,74,83,74,78,3,Lateral Move,Active,None,None,Agency,2025-Q4
EMP00953,Marketing,Marketing Specialist,Entry Level,Guwahati,Full-time,2026-01-31,0-1 Years,18-24,Women,Standard,Below 5L,439271.52,3,Not Promoted,Not Eligible,No,14,64,80,67,46,2,Promotion,Active,None,None,Professional Network,2026-Q2
EMP00954,Operations,Operations Analyst,Manager,Pune,Full-time,2019-02-02,5-10 Years,45-54,Men,Standard,15L-25L,2144889.54,3,Not Promoted,Eligible,Yes,42,71,77,55,73,6,Lateral Move,Active,None,None,Agency,2026-Q1
EMP00955,IT,IT Support Specialist,Senior,Pune,Full-time,2026-04-11,0-1 Years,25-34,Men,Standard,15L-25L,1534261.96,3,Not Promoted,Not Eligible,No,51,68,78,82,58,4,Department Transfer,Active,None,None,Campus,2025-Q4
EMP00956,Engineering,Software Engineer,Senior,Pune,Full-time,2023-05-17,3-5 Years,35-44,Men,Standard,10L-15L,1331238.24,2,Not Promoted,Eligible,No,9,69,67,67,69,6,Lateral Move,Active,None,None,Company Website,2026-Q2
EMP00957,Finance,Financial Analyst,Entry Level,Bengaluru,Full-time,2024-09-26,1-3 Years,55+,Women,Standard,5L-10L,517093.7,4,Not Promoted,Not Eligible,No,37,62,62,80,66,1,Promotion,Active,None,None,Professional Network,2026-Q1
EMP00958,Engineering,Software Engineer,Senior,Guwahati,Full-time,2025-01-20,1-3 Years,35-44,Women,Standard,10L-15L,1437742.68,3,Not Promoted,Eligible,No,10,71,70,79,74,4,Lateral Move,Active,None,None,Campus,2026-Q3
EMP00959,Sales,Sales Executive,Mid-Level,Guwahati,Full-time,2023-03-08,3-5 Years,55+,Men,Standard,5L-10L,995849.2,4,Not Promoted,Eligible,No,23,69,62,65,73,2,Promotion,Active,None,None,Professional Network,2025-Q4
EMP00960,IT,IT Support Specialist,Junior,Hyderabad,Full-time,2025-06-02,1-3 Years,25-34,Men,Standard,5L-10L,661649.6,3,Not Promoted,Eligible,No,12,70,55,87,72,6,Department Transfer,Active,None,None,Employee Referral,2026-Q1
EMP00961,Operations,Operations Analyst,Senior Manager,Hyderabad,Full-time,2022-03-11,3-5 Years,25-34,Women,Standard,25L+,3006631.74,4,Not Promoted,Eligible,Yes,63,85,99,61,100,5,Lateral Move,Active,None,None,Company Website,2026-Q1
EMP00962,Sales,Sales Executive,Senior,Pune,Full-time,2024-10-16,1-3 Years,35-44,Women,Standard,10L-15L,1321163.4,5,Not Promoted,Eligible,No,24,87,100,82,80,2,Promotion,Active,None,None,Employee Referral,2026-Q3
EMP00963,Customer Success,Customer Success Manager,Junior,Bengaluru,Full-time,2020-01-13,5-10 Years,55+,Women,Standard,5L-10L,670972.78,4,Promoted,Eligible,No,34,93,100,80,90,0,Lateral Move,Active,None,None,Agency,2025-Q4
EMP00964,Operations,Operations Analyst,Mid-Level,Kolkata,Contract,2025-08-06,1-3 Years,25-34,Men,Standard,10L-15L,1030849.18,3,Not Promoted,Eligible,No,13,82,70,77,100,5,Department Transfer,Active,None,None,Company Website,2026-Q3
EMP00965,Customer Success,Customer Success Manager,Junior,Chennai,Full-time,2024-06-28,1-3 Years,25-34,Women,Standard,5L-10L,705720.24,4,Not Promoted,Eligible,No,51,84,66,93,92,6,Department Transfer,Active,None,None,Employee Referral,2026-Q1
EMP00966,IT,IT Support Specialist,Mid-Level,Chennai,Full-time,2020-06-13,5-10 Years,18-24,Women,Standard,5L-10L,875311.02,2,Not Promoted,Eligible,No,37,75,69,61,92,5,None,Active,None,None,Agency,2026-Q3
EMP00967,Engineering,Software Engineer,Mid-Level,Mumbai,Full-time,2025-04-08,1-3 Years,35-44,Women,Standard,5L-10L,910019.54,3,Not Promoted,Eligible,No,32,63,46,87,71,4,None,Active,None,None,Agency,2025-Q4
EMP00968,Sales,Sales Executive,Mid-Level,Pune,Full-time,2025-05-30,1-3 Years,25-34,Women,Standard,5L-10L,947884.56,5,Not Promoted,Eligible,No,33,69,61,82,81,7,Lateral Move,Active,None,None,Campus,2026-Q2
EMP00969,HR,HR Analyst,Mid-Level,Hyderabad,Full-time,2024-06-13,1-3 Years,18-24,Women,Standard,10L-15L,1019997.9,3,Promoted,Eligible,No,19,73,78,69,83,2,Lateral Move,Active,None,None,Company Website,2026-Q3
EMP00970,Engineering,Software Engineer,Senior,Hyderabad,Full-time,2022-03-07,3-5 Years,25-34,Men,Standard,15L-25L,1770000,4,Promoted,Eligible,No,41,81,73,99,69,2,Department Transfer,Exited,Voluntary,Career Growth,Job Portal,2026-Q3
EMP00971,IT,IT Support Specialist,Senior,Hyderabad,Full-time,2025-05-06,1-3 Years,45-54,Women,Standard,10L-15L,1453653.8,4,Not Promoted,Eligible,No,48,56,74,72,52,5,Promotion,Active,None,None,Agency,2026-Q1
EMP00972,Marketing,Marketing Specialist,Mid-Level,Chennai,Full-time,2024-01-17,1-3 Years,35-44,Men,Standard,5L-10L,933256.1,5,Not Promoted,Eligible,No,40,84,87,78,77,7,Lateral Move,Active,None,None,Campus,2025-Q4
EMP00973,Customer Success,Customer Success Manager,Mid-Level,Kolkata,Full-time,2021-08-11,5-10 Years,35-44,Women,Standard,10L-15L,1007163.04,3,Not Promoted,Eligible,No,13,91,81,99,73,5,Promotion,Active,None,None,Professional Network,2026-Q3
EMP00974,HR,HR Analyst,Junior,Bengaluru,Full-time,2020-11-09,5-10 Years,35-44,Women,Standard,5L-10L,684928.64,4,Not Promoted,Eligible,No,30,89,79,84,81,5,Promotion,Active,None,None,Job Portal,2025-Q4
EMP00975,Finance,Financial Analyst,Mid-Level,Guwahati,Full-time,2025-05-24,1-3 Years,25-34,Men,Standard,5L-10L,851077.36,4,Not Promoted,Eligible,No,39,79,79,75,83,3,Department Transfer,Active,None,None,Job Portal,2025-Q4
EMP00976,Marketing,Marketing Specialist,Senior,Guwahati,Full-time,2022-01-31,3-5 Years,45-54,Men,Standard,15L-25L,1544753.34,3,Not Promoted,Eligible,No,33,77,78,67,84,2,Lateral Move,Active,None,None,Company Website,2026-Q3
EMP00977,Sales,Sales Executive,Mid-Level,Pune,Full-time,2023-07-04,3-5 Years,35-44,Men,Standard,5L-10L,982811.38,2,Not Promoted,Eligible,No,24,71,73,63,77,1,Department Transfer,Active,None,None,Job Portal,2026-Q2
EMP00978,Customer Success,Customer Success Manager,Senior,Mumbai,Full-time,2023-08-27,3-5 Years,45-54,Men,Standard,10L-15L,1342119.02,3,Promoted,Eligible,No,32,91,96,85,83,5,Promotion,Active,None,None,Job Portal,2025-Q4
EMP00979,Sales,Sales Executive,Senior Manager,Mumbai,Full-time,2022-03-14,3-5 Years,55+,Men,Standard,25L+,2773333.94,4,Promoted,Eligible,Yes,15,71,71,67,57,4,Promotion,Active,None,None,Employee Referral,2026-Q2
EMP00980,Customer Success,Customer Success Manager,Senior Manager,Mumbai,Full-time,2019-08-30,5-10 Years,25-34,Men,Standard,25L+,3151565.24,3,Not Promoted,Eligible,Yes,40,60,60,69,77,6,Promotion,Active,None,None,Professional Network,2025-Q4
EMP00981,HR,HR Analyst,Junior,Kolkata,Full-time,2020-02-09,5-10 Years,25-34,Men,Standard,5L-10L,727828.72,4,Not Promoted,Eligible,No,25,67,68,63,71,5,Department Transfer,Active,None,None,Campus,2026-Q3
EMP00982,Sales,Sales Executive,Senior Manager,Guwahati,Full-time,2021-04-09,5-10 Years,25-34,Women,Standard,25L+,2969409.82,2,Not Promoted,Eligible,Yes,31,82,66,80,87,3,Lateral Move,Active,None,None,Company Website,2026-Q3
EMP00983,Sales,Sales Executive,Entry Level,Hyderabad,Full-time,2019-09-06,5-10 Years,25-34,Men,Standard,Below 5L,465127.68,3,Not Promoted,Not Eligible,No,18,74,65,74,89,1,Promotion,Active,None,None,Agency,2025-Q4
EMP00984,IT,IT Support Specialist,Junior,Guwahati,Full-time,2023-07-28,3-5 Years,45-54,Men,Standard,5L-10L,567749.92,3,Not Promoted,Eligible,No,20,78,78,74,76,1,None,Active,None,None,Company Website,2025-Q4
EMP00985,Finance,Financial Analyst,Manager,Mumbai,Contract,2022-06-01,3-5 Years,35-44,Men,Standard,15L-25L,2178842.86,4,Not Promoted,Eligible,Yes,44,67,89,53,79,6,Department Transfer,Active,None,None,Professional Network,2026-Q1
EMP00986,Marketing,Marketing Specialist,Senior Manager,Pune,Full-time,2025-01-22,1-3 Years,35-44,Men,Standard,25L+,3048797.86,4,Not Promoted,Eligible,Yes,36,78,72,84,84,3,Lateral Move,Active,None,None,Agency,2026-Q3
EMP00987,Engineering,Software Engineer,Entry Level,Guwahati,Full-time,2024-03-18,1-3 Years,25-34,Women,Standard,5L-10L,521923.44,4,Not Promoted,Not Eligible,No,31,76,72,83,80,9,Promotion,Active,None,None,Employee Referral,2025-Q4
EMP00988,Engineering,Software Engineer,Leadership,Chennai,Full-time,2022-01-24,3-5 Years,35-44,Women,Standard,25L+,4323122.34,3,Not Promoted,Not Eligible,Yes,49,67,74,49,87,4,Promotion,Active,None,None,Agency,2026-Q2
EMP00989,Finance,Financial Analyst,Mid-Level,Hyderabad,Full-time,2019-07-06,5-10 Years,45-54,Men,Standard,5L-10L,977796.38,4,Promoted,Eligible,No,66,81,92,83,66,4,None,Active,None,None,Agency,2025-Q4
EMP00990,Marketing,Marketing Specialist,Entry Level,Hyderabad,Full-time,2023-11-05,1-3 Years,25-34,Women,Standard,Below 5L,429704.08,3,Not Promoted,Not Eligible,No,17,81,77,77,85,0,Lateral Move,Active,None,None,Campus,2026-Q2
EMP00991,HR,HR Analyst,Manager,Chennai,Full-time,2022-01-23,3-5 Years,55+,Men,Standard,15L-25L,2153070.48,4,Not Promoted,Eligible,Yes,47,71,53,53,89,2,Promotion,Active,None,None,Agency,2026-Q2
EMP00992,Engineering,Software Engineer,Senior Manager,Mumbai,Full-time,2026-04-01,0-1 Years,18-24,Men,Standard,25L+,2732943.72,4,Not Promoted,Not Eligible,Yes,48,73,85,82,79,4,None,Active,None,None,Job Portal,2025-Q4
EMP00993,Marketing,Marketing Specialist,Manager,Kolkata,Contract,2025-03-26,1-3 Years,25-34,Men,Standard,15L-25L,2034170.14,3,Not Promoted,Eligible,Yes,41,77,81,55,92,2,Department Transfer,Active,None,None,Company Website,2025-Q4
EMP00994,Sales,Sales Executive,Manager,Guwahati,Full-time,2026-07-13,0-1 Years,25-34,Men,Standard,15L-25L,2122021.14,4,Not Promoted,Not Eligible,Yes,46,64,68,71,81,3,Department Transfer,Active,None,None,Campus,2026-Q3
EMP00995,Operations,Operations Analyst,Manager,Kolkata,Full-time,2020-12-26,5-10 Years,25-34,Men,Standard,15L-25L,1943839.96,2,Not Promoted,Eligible,Yes,45,76,86,81,61,7,None,Active,None,None,Campus,2026-Q1
EMP00996,IT,IT Support Specialist,Senior,Guwahati,Full-time,2021-06-26,5-10 Years,35-44,Men,Standard,10L-15L,1499423.64,3,Not Promoted,Eligible,No,12,70,76,58,77,6,Promotion,Active,None,None,Professional Network,2026-Q2
EMP00997,Finance,Financial Analyst,Mid-Level,Bengaluru,Full-time,2025-11-17,0-1 Years,45-54,Men,Standard,5L-10L,937384.92,4,Not Promoted,Not Eligible,No,9,60,70,50,68,6,Promotion,Active,None,None,Employee Referral,2026-Q1
EMP00998,IT,IT Support Specialist,Leadership,Pune,Full-time,2019-05-31,5-10 Years,25-34,Women,Standard,25L+,4014433.16,3,Not Promoted,Not Eligible,Yes,53,65,63,72,66,2,Promotion,Active,None,None,Professional Network,2026-Q1
EMP00999,Engineering,Software Engineer,Mid-Level,Delhi NCR,Full-time,2026-02-28,0-1 Years,25-34,Women,Standard,5L-10L,977299.6,3,Not Promoted,Not Eligible,No,0,81,92,83,83,3,Department Transfer,Active,None,None,Campus,2026-Q3
EMP01000,Marketing,Marketing Specialist,Entry Level,Delhi NCR,Part-time,2026-05-26,0-1 Years,25-34,Men,Standard,5L-10L,531639.56,4,Not Promoted,Not Eligible,No,22,86,78,83,93,3,Lateral Move,Exited,Voluntary,Career Growth,Employee Referral,2026-Q2
EMP01001,Finance,Financial Analyst,Senior,Hyderabad,Full-time,2021-02-24,5-10 Years,35-44,Men,Standard,10L-15L,1396107.56,3,Not Promoted,Eligible,No,28,67,66,60,68,2,None,Active,None,None,Professional Network,2026-Q2
EMP01002,IT,IT Support Specialist,Leadership,Guwahati,Full-time,2023-10-16,1-3 Years,25-34,Men,Standard,25L+,4831439.2,4,Not Promoted,Not Eligible,Yes,15,84,87,84,93,3,None,Active,None,None,Campus,2026-Q3
EMP01003,Customer Success,Customer Success Manager,Mid-Level,Hyderabad,Full-time,2020-05-13,5-10 Years,25-34,Women,Standard,5L-10L,978686.1,4,Not Promoted,Eligible,No,12,56,67,79,46,2,Department Transfer,Active,None,None,Company Website,2025-Q4
EMP01004,Finance,Financial Analyst,Mid-Level,Guwahati,Full-time,2022-02-12,3-5 Years,25-34,Women,Standard,5L-10L,883703.18,3,Not Promoted,Eligible,No,35,88,80,96,93,6,Department Transfer,Active,None,None,Agency,2026-Q1
EMP01005,Operations,Operations Analyst,Senior,Bengaluru,Full-time,2025-05-31,1-3 Years,18-24,Men,Standard,15L-25L,1513555.32,2,Not Promoted,Eligible,No,44,93,81,100,100,5,Lateral Move,Active,None,None,Agency,2025-Q4
EMP01006,Finance,Financial Analyst,Manager,Delhi NCR,Full-time,2020-11-04,5-10 Years,35-44,Women,Standard,15L-25L,1996804.26,4,Not Promoted,Eligible,Yes,27,66,64,78,67,0,None,Active,None,None,Job Portal,2025-Q4
EMP01007,IT,IT Support Specialist,Senior,Kolkata,Full-time,2019-04-09,5-10 Years,25-34,Men,Standard,15L-25L,1658420.38,3,Not Promoted,Eligible,No,49,62,69,62,80,4,Promotion,Active,None,None,Employee Referral,2025-Q4
EMP01008,IT,IT Support Specialist,Junior,Delhi NCR,Full-time,2022-10-27,3-5 Years,35-44,Men,Standard,5L-10L,642193.76,4,Not Promoted,Eligible,No,27,69,82,66,69,1,Promotion,Active,None,None,Employee Referral,2025-Q4
EMP01009,IT,IT Support Specialist,Senior,Bengaluru,Full-time,2026-01-05,0-1 Years,25-34,Men,Standard,15L-25L,1502750.06,3,Not Promoted,Not Eligible,No,37,67,64,63,85,4,Department Transfer,Active,None,None,Job Portal,2025-Q4
EMP01010,Engineering,Software Engineer,Senior,Kolkata,Part-time,2022-07-07,3-5 Years,35-44,Men,Standard,15L-25L,1525781.3,4,Not Promoted,Eligible,No,27,83,94,56,89,4,None,Active,None,None,Job Portal,2026-Q3
EMP01011,Engineering,Software Engineer,Mid-Level,Hyderabad,Full-time,2025-11-06,0-1 Years,25-34,Men,Standard,5L-10L,904419.26,3,Not Promoted,Not Eligible,No,28,72,85,84,48,3,Department Transfer,Exited,Voluntary,Personal Reasons,Job Portal,2026-Q2
EMP01012,Customer Success,Customer Success Manager,Entry Level,Kolkata,Full-time,2020-01-28,5-10 Years,55+,Women,Standard,Below 5L,481069.48,4,Not Promoted,Not Eligible,No,25,68,45,67,62,5,Department Transfer,Active,None,None,Company Website,2025-Q4
EMP01013,IT,IT Support Specialist,Entry Level,Kolkata,Full-time,2024-03-16,1-3 Years,25-34,Men,Standard,Below 5L,483814.16,3,Not Promoted,Not Eligible,No,29,61,61,70,69,3,Department Transfer,Active,None,None,Company Website,2025-Q4
EMP01014,Operations,Operations Analyst,Junior,Guwahati,Full-time,2024-02-03,1-3 Years,25-34,Women,Standard,5L-10L,662364.68,3,Not Promoted,Eligible,No,50,66,91,66,73,2,Lateral Move,Active,None,None,Job Portal,2025-Q4
EMP01015,Finance,Financial Analyst,Mid-Level,Mumbai,Part-time,2026-02-23,0-1 Years,25-34,Men,Standard,10L-15L,1035886.6,4,Not Promoted,Not Eligible,No,18,78,81,68,85,5,Promotion,Active,None,None,Agency,2026-Q3
EMP01016,Marketing,Marketing Specialist,Mid-Level,Delhi NCR,Full-time,2020-07-17,5-10 Years,45-54,Men,Standard,5L-10L,854022.64,3,Not Promoted,Eligible,No,16,93,95,86,100,2,None,Active,None,None,Company Website,2026-Q3
EMP01017,Operations,Operations Analyst,Mid-Level,Hyderabad,Full-time,2025-07-18,1-3 Years,35-44,Men,Standard,10L-15L,1024826.46,4,Not Promoted,Eligible,No,60,67,64,53,97,7,Lateral Move,Active,None,None,Campus,2026-Q2
EMP01018,HR,HR Analyst,Senior Manager,Pune,Contract,2019-02-03,5-10 Years,25-34,Men,Standard,15L-25L,2381863.04,4,Not Promoted,Eligible,Yes,11,83,81,92,76,6,Lateral Move,Exited,Voluntary,Personal Reasons,Job Portal,2026-Q3
EMP01019,Operations,Operations Analyst,Mid-Level,Delhi NCR,Full-time,2021-03-31,5-10 Years,25-34,Men,Standard,5L-10L,905412.82,3,Not Promoted,Eligible,No,29,90,76,90,95,1,Lateral Move,Active,None,None,Campus,2026-Q1
EMP01020,IT,IT Support Specialist,Senior,Chennai,Part-time,2025-09-22,1-3 Years,35-44,Men,Standard,15L-25L,1609517.64,3,Not Promoted,Eligible,No,30,79,93,71,78,2,Promotion,Active,None,None,Agency,2026-Q2
EMP01021,Marketing,Marketing Specialist,Senior,Bengaluru,Full-time,2024-02-04,1-3 Years,35-44,Women,Standard,10L-15L,1227169.32,4,Not Promoted,Eligible,No,11,74,85,65,85,3,None,Active,None,None,Job Portal,2026-Q1
EMP01022,Finance,Financial Analyst,Senior,Chennai,Full-time,2025-12-30,0-1 Years,18-24,Men,Standard,15L-25L,1565454.08,3,Not Promoted,Not Eligible,No,25,58,45,63,69,4,Lateral Move,Active,None,None,Professional Network,2026-Q2
EMP01023,Customer Success,Customer Success Manager,Mid-Level,Delhi NCR,Full-time,2023-06-28,3-5 Years,18-24,Non-binary,Standard,5L-10L,979857.84,3,Not Promoted,Eligible,No,0,78,58,84,100,6,None,Active,None,None,Job Portal,2026-Q2
EMP01024,Engineering,Software Engineer,Junior,Bengaluru,Full-time,2020-08-06,5-10 Years,25-34,Men,Standard,5L-10L,677034.44,2,Not Promoted,Eligible,No,31,71,65,90,81,3,Lateral Move,Active,None,None,Campus,2025-Q4
EMP01025,Engineering,Software Engineer,Senior Manager,Delhi NCR,Full-time,2021-03-21,5-10 Years,25-34,Men,Standard,25L+,2986092.66,3,Not Promoted,Eligible,Yes,38,91,65,93,100,1,Lateral Move,Active,None,None,Professional Network,2026-Q1
EMP01026,Operations,Operations Analyst,Entry Level,Delhi NCR,Full-time,2021-01-01,5-10 Years,35-44,Men,Standard,5L-10L,511704.64,4,Not Promoted,Not Eligible,No,19,75,76,50,85,3,Lateral Move,Exited,Involuntary,Performance,Job Portal,2026-Q1
EMP01027,Customer Success,Customer Success Manager,Manager,Bengaluru,Full-time,2022-10-18,3-5 Years,25-34,Men,Standard,15L-25L,2137207.74,3,Not Promoted,Eligible,Yes,31,78,75,61,80,4,Promotion,Active,None,None,Campus,2026-Q2
EMP01028,Marketing,Marketing Specialist,Mid-Level,Kolkata,Contract,2019-09-25,5-10 Years,18-24,Men,Standard,5L-10L,934289.78,4,Promoted,Eligible,No,20,70,77,88,65,3,Lateral Move,Active,None,None,Employee Referral,2026-Q3
EMP01029,Operations,Operations Analyst,Senior Manager,Pune,Full-time,2025-09-21,1-3 Years,45-54,Women,Standard,25L+,2932302.36,4,Not Promoted,Eligible,Yes,35,96,75,100,86,4,Lateral Move,Active,None,None,Company Website,2026-Q1
EMP01030,HR,HR Analyst,Mid-Level,Mumbai,Full-time,2022-09-04,3-5 Years,25-34,Women,Standard,5L-10L,926164.3,3,Not Promoted,Eligible,No,39,72,68,69,93,3,Promotion,Active,None,None,Company Website,2026-Q3
EMP01031,Finance,Financial Analyst,Mid-Level,Bengaluru,Full-time,2024-04-11,1-3 Years,18-24,Men,Standard,10L-15L,1003296.18,3,Not Promoted,Eligible,No,21,73,89,58,81,1,None,Active,None,None,Agency,2026-Q2
EMP01032,IT,IT Support Specialist,Manager,Chennai,Full-time,2021-01-03,5-10 Years,25-34,Men,Standard,15L-25L,2258088.12,4,Not Promoted,Eligible,Yes,44,76,74,76,54,0,Promotion,Active,None,None,Agency,2026-Q3
EMP01033,IT,IT Support Specialist,Junior,Hyderabad,Full-time,2025-07-08,1-3 Years,35-44,Women,Standard,5L-10L,638641.96,3,Not Promoted,Eligible,No,27,93,87,93,68,1,None,Active,None,None,Employee Referral,2026-Q3
EMP01034,Finance,Financial Analyst,Junior,Kolkata,Full-time,2021-06-14,5-10 Years,45-54,Prefer Not to Say,Not Collected,5L-10L,629101.66,3,Not Promoted,Eligible,No,19,75,75,81,85,3,Department Transfer,Active,None,None,Campus,2026-Q2
EMP01035,Sales,Sales Executive,Entry Level,Mumbai,Full-time,2019-12-11,5-10 Years,25-34,Men,Standard,5L-10L,560993.24,3,Not Promoted,Not Eligible,No,22,72,82,66,85,2,Promotion,Active,None,None,Campus,2026-Q1
EMP01036,Engineering,Software Engineer,Junior,Chennai,Full-time,2024-09-29,1-3 Years,25-34,Men,Standard,5L-10L,713387.88,2,Not Promoted,Eligible,No,15,84,92,69,85,0,Department Transfer,Active,None,None,Agency,2026-Q3
EMP01037,Operations,Operations Analyst,Leadership,Chennai,Full-time,2022-07-22,3-5 Years,25-34,Prefer Not to Say,Not Collected,25L+,3666982.16,3,Not Promoted,Not Eligible,Yes,50,74,72,64,100,2,Promotion,Active,None,None,Employee Referral,2026-Q3
EMP01038,Finance,Financial Analyst,Mid-Level,Hyderabad,Contract,2026-03-28,0-1 Years,25-34,Women,Standard,10L-15L,1086252.54,4,Not Promoted,Not Eligible,No,22,64,77,49,70,6,None,Active,None,None,Job Portal,2026-Q2
EMP01039,Sales,Sales Executive,Mid-Level,Hyderabad,Full-time,2021-07-21,5-10 Years,35-44,Women,Standard,10L-15L,1121040.12,3,Promoted,Eligible,No,29,59,59,77,53,6,None,Active,None,None,Company Website,2026-Q1
EMP01040,Operations,Operations Analyst,Manager,Delhi NCR,Full-time,2026-07-28,0-1 Years,18-24,Women,Standard,15L-25L,2107874.12,4,Not Promoted,Not Eligible,Yes,35,76,77,68,75,3,Promotion,Active,None,None,Professional Network,2026-Q2
EMP01041,Finance,Financial Analyst,Entry Level,Mumbai,Full-time,2025-02-02,1-3 Years,18-24,Men,Standard,Below 5L,450237.26,3,Not Promoted,Not Eligible,No,20,81,85,75,85,3,Promotion,Exited,Voluntary,Workload,Agency,2026-Q3
EMP01042,Engineering,Software Engineer,Manager,Chennai,Full-time,2026-05-03,0-1 Years,35-44,Men,Standard,15L-25L,1990657.64,4,Not Promoted,Not Eligible,Yes,51,83,84,73,80,4,Lateral Move,Active,None,None,Employee Referral,2026-Q1
EMP01043,Finance,Financial Analyst,Mid-Level,Chennai,Full-time,2021-08-15,5-10 Years,25-34,Women,Standard,5L-10L,986714.82,5,Not Promoted,Eligible,No,25,75,68,78,82,2,Department Transfer,Active,None,None,Agency,2026-Q2
EMP01044,Sales,Sales Executive,Mid-Level,Pune,Full-time,2021-02-08,5-10 Years,45-54,Men,Standard,5L-10L,960308.78,3,Not Promoted,Eligible,No,4,83,69,76,80,2,Department Transfer,Active,None,None,Agency,2025-Q4
EMP01045,Operations,Operations Analyst,Mid-Level,Mumbai,Full-time,2025-06-23,1-3 Years,25-34,Men,Standard,5L-10L,916232.24,4,Not Promoted,Eligible,No,26,90,96,89,75,1,Promotion,Active,None,None,Job Portal,2026-Q3
EMP01046,Operations,Operations Analyst,Entry Level,Pune,Full-time,2021-07-12,5-10 Years,35-44,Men,Standard,Below 5L,456532.56,4,Not Promoted,Not Eligible,No,39,85,87,81,63,6,Department Transfer,Active,None,None,Agency,2026-Q2
EMP01047,Operations,Operations Analyst,Junior,Guwahati,Full-time,2025-05-13,1-3 Years,45-54,Prefer Not to Say,Not Collected,5L-10L,639393.62,4,Not Promoted,Eligible,No,28,84,88,69,85,2,Lateral Move,Active,None,None,Campus,2026-Q3
EMP01048,Customer Success,Customer Success Manager,Mid-Level,Delhi NCR,Full-time,2023-05-20,3-5 Years,35-44,Men,Standard,5L-10L,996887.6,5,Promoted,Eligible,No,29,80,63,85,99,5,Department Transfer,Active,None,None,Job Portal,2026-Q2
EMP01049,IT,IT Support Specialist,Manager,Hyderabad,Full-time,2020-01-17,5-10 Years,25-34,Men,Standard,15L-25L,2110972.8,3,Not Promoted,Eligible,Yes,44,73,88,78,66,4,Lateral Move,Exited,Voluntary,Relocation,Job Portal,2026-Q1
EMP01050,Finance,Financial Analyst,Senior,Bengaluru,Full-time,2023-04-30,3-5 Years,45-54,Men,Standard,15L-25L,1515365.44,4,Not Promoted,Eligible,No,41,73,69,72,62,6,Lateral Move,Active,None,None,Company Website,2025-Q4
EMP01051,IT,IT Support Specialist,Mid-Level,Guwahati,Full-time,2023-02-18,3-5 Years,35-44,Prefer Not to Say,Not Collected,5L-10L,949615.62,3,Not Promoted,Eligible,No,48,88,100,75,67,1,Lateral Move,Active,None,None,Agency,2026-Q3
EMP01052,Marketing,Marketing Specialist,Entry Level,Bengaluru,Full-time,2020-06-12,5-10 Years,25-34,Women,Standard,Below 5L,415093.32,3,Not Promoted,Not Eligible,No,28,69,76,65,72,8,Department Transfer,Active,None,None,Job Portal,2026-Q3
EMP01053,Finance,Financial Analyst,Junior,Mumbai,Full-time,2021-04-22,5-10 Years,25-34,Prefer Not to Say,Not Collected,5L-10L,676564.8,5,Not Promoted,Eligible,No,4,54,58,44,77,6,Department Transfer,Active,None,None,Company Website,2026-Q2
EMP01054,Finance,Financial Analyst,Entry Level,Chennai,Full-time,2022-02-02,3-5 Years,25-34,Men,Standard,5L-10L,514703.02,5,Not Promoted,Not Eligible,No,42,72,81,77,62,3,Lateral Move,Exited,Voluntary,Career Growth,Agency,2026-Q1
EMP01055,Operations,Operations Analyst,Junior,Chennai,Full-time,2024-02-28,1-3 Years,35-44,Men,Standard,5L-10L,705871.28,4,Not Promoted,Eligible,No,20,82,98,74,80,4,None,Active,None,None,Campus,2026-Q3
EMP01056,Operations,Operations Analyst,Mid-Level,Hyderabad,Full-time,2023-05-21,3-5 Years,45-54,Women,Standard,10L-15L,1002779.34,3,Not Promoted,Eligible,No,16,77,68,80,74,2,Lateral Move,Active,None,None,Employee Referral,2026-Q3
EMP01057,IT,IT Support Specialist,Senior,Kolkata,Full-time,2026-05-23,0-1 Years,35-44,Men,Standard,10L-15L,1382724,5,Not Promoted,Not Eligible,No,31,77,86,72,73,5,Lateral Move,Active,None,None,Job Portal,2026-Q3
EMP01058,Engineering,Software Engineer,Senior,Delhi NCR,Full-time,2020-10-08,5-10 Years,18-24,Men,Standard,10L-15L,1377732.6,4,Not Promoted,Eligible,No,20,78,93,59,80,5,Promotion,Active,None,None,Job Portal,2026-Q1
EMP01059,IT,IT Support Specialist,Junior,Kolkata,Full-time,2025-03-14,1-3 Years,25-34,Men,Standard,5L-10L,693712.56,3,Not Promoted,Eligible,No,17,66,69,68,66,2,Promotion,Exited,Voluntary,Workload,Agency,2026-Q3
EMP01060,Marketing,Marketing Specialist,Senior,Hyderabad,Full-time,2021-04-29,5-10 Years,18-24,Men,Standard,10L-15L,1386057.5,3,Not Promoted,Eligible,No,22,78,78,67,92,1,Department Transfer,Exited,Voluntary,Manager Relationship,Professional Network,2026-Q3
EMP01061,Customer Success,Customer Success Manager,Junior,Pune,Full-time,2023-06-24,3-5 Years,25-34,Women,Standard,5L-10L,654301.74,3,Not Promoted,Eligible,No,28,80,84,82,90,1,Department Transfer,Exited,Voluntary,Manager Relationship,Employee Referral,2026-Q2
EMP01062,IT,IT Support Specialist,Mid-Level,Chennai,Full-time,2024-03-04,1-3 Years,35-44,Men,Standard,10L-15L,1002012.34,3,Promoted,Eligible,No,33,70,71,72,72,3,Lateral Move,Active,None,None,Agency,2026-Q1
EMP01063,IT,IT Support Specialist,Leadership,Hyderabad,Full-time,2020-10-22,5-10 Years,45-54,Women,Standard,25L+,3683823.12,3,Not Promoted,Not Eligible,Yes,52,74,76,67,79,4,Lateral Move,Active,None,None,Company Website,2025-Q4
EMP01064,Marketing,Marketing Specialist,Mid-Level,Hyderabad,Full-time,2020-05-23,5-10 Years,35-44,Men,Standard,5L-10L,964841.16,2,Not Promoted,Eligible,No,25,70,87,69,59,2,Department Transfer,Active,None,None,Professional Network,2025-Q4
EMP01065,HR,HR Analyst,Leadership,Mumbai,Full-time,2023-12-10,1-3 Years,25-34,Women,Standard,25L+,5045488.84,4,Not Promoted,Not Eligible,Yes,28,74,67,84,57,1,Promotion,Active,None,None,Professional Network,2025-Q4
EMP01066,Finance,Financial Analyst,Mid-Level,Chennai,Full-time,2019-07-15,5-10 Years,25-34,Women,Standard,10L-15L,1021120.08,3,Not Promoted,Eligible,No,12,91,100,85,93,6,None,Active,None,None,Campus,2026-Q3
EMP01067,Engineering,Software Engineer,Junior,Guwahati,Part-time,2019-07-19,5-10 Years,45-54,Men,Standard,5L-10L,686959.42,3,Not Promoted,Eligible,No,28,70,61,63,73,3,Lateral Move,Active,None,None,Campus,2026-Q1
EMP01068,Finance,Financial Analyst,Senior,Bengaluru,Full-time,2019-03-07,5-10 Years,45-54,Men,Standard,10L-15L,1395333.48,4,Not Promoted,Eligible,No,42,88,90,91,77,3,None,Active,None,None,Employee Referral,2025-Q4
EMP01069,Finance,Financial Analyst,Senior,Bengaluru,Full-time,2026-06-13,0-1 Years,55+,Women,Standard,10L-15L,1420527.66,2,Not Promoted,Not Eligible,No,30,61,64,54,61,1,Lateral Move,Active,None,None,Job Portal,2026-Q3
EMP01070,Sales,Sales Executive,Leadership,Pune,Full-time,2022-08-14,3-5 Years,18-24,Women,Standard,25L+,5190875.46,4,Not Promoted,Not Eligible,Yes,19,77,84,73,83,4,Lateral Move,Active,None,None,Company Website,2026-Q3
EMP01071,Customer Success,Customer Success Manager,Senior,Bengaluru,Full-time,2021-08-09,5-10 Years,35-44,Women,Standard,10L-15L,1290327.64,2,Not Promoted,Eligible,No,37,86,86,61,100,3,Promotion,Active,None,None,Job Portal,2026-Q3
EMP01072,Operations,Operations Analyst,Junior,Guwahati,Full-time,2023-05-14,3-5 Years,25-34,Women,Standard,5L-10L,631393.22,3,Not Promoted,Eligible,No,25,80,99,83,70,3,Lateral Move,Exited,Involuntary,Policy Violation,Job Portal,2025-Q4
EMP01073,Finance,Financial Analyst,Manager,Kolkata,Full-time,2022-05-20,3-5 Years,25-34,Women,Standard,15L-25L,2104854.5,4,Not Promoted,Eligible,Yes,34,72,67,75,57,6,Department Transfer,Active,None,None,Job Portal,2026-Q1
EMP01074,HR,HR Analyst,Mid-Level,Bengaluru,Contract,2025-09-23,1-3 Years,35-44,Men,Standard,10L-15L,1103447.5,2,Not Promoted,Eligible,No,53,75,69,61,73,3,Department Transfer,Active,None,None,Professional Network,2026-Q1
EMP01075,Operations,Operations Analyst,Mid-Level,Mumbai,Part-time,2026-02-15,0-1 Years,18-24,Prefer Not to Say,Not Collected,5L-10L,902063.98,5,Not Promoted,Not Eligible,No,20,80,94,90,84,3,Promotion,Active,None,None,Professional Network,2026-Q3
EMP01076,Sales,Sales Executive,Senior Manager,Pune,Contract,2019-03-14,5-10 Years,25-34,Men,Standard,25L+,3376599.5,3,Not Promoted,Eligible,Yes,56,64,69,58,74,4,Department Transfer,Active,None,None,Professional Network,2026-Q1
EMP01077,Engineering,Software Engineer,Junior,Delhi NCR,Full-time,2019-03-28,5-10 Years,18-24,Men,Standard,5L-10L,666838.06,2,Not Promoted,Eligible,No,42,72,64,57,77,6,None,Active,None,None,Professional Network,2026-Q3
EMP01078,Finance,Financial Analyst,Mid-Level,Bengaluru,Full-time,2019-09-03,5-10 Years,18-24,Men,Standard,5L-10L,893996.32,1,Not Promoted,Eligible,No,53,74,78,61,82,3,Department Transfer,Active,None,None,Employee Referral,2026-Q3
EMP01079,Finance,Financial Analyst,Entry Level,Guwahati,Part-time,2021-09-02,5-10 Years,35-44,Men,Standard,Below 5L,475961.26,5,Not Promoted,Not Eligible,No,22,65,65,79,68,4,Department Transfer,Active,None,None,Campus,2026-Q1
EMP01080,HR,HR Analyst,Senior,Pune,Full-time,2026-03-21,0-1 Years,35-44,Men,Standard,10L-15L,1319352.1,4,Not Promoted,Not Eligible,No,17,80,90,84,72,5,None,Active,None,None,Agency,2026-Q2
EMP01081,Engineering,Software Engineer,Entry Level,Delhi NCR,Full-time,2022-09-18,3-5 Years,25-34,Women,Standard,Below 5L,435162.76,4,Not Promoted,Not Eligible,No,11,78,89,87,82,4,Promotion,Active,None,None,Company Website,2025-Q4
EMP01082,Finance,Financial Analyst,Manager,Delhi NCR,Full-time,2025-10-26,0-1 Years,45-54,Men,Standard,15L-25L,2292413.14,3,Not Promoted,Not Eligible,Yes,31,71,97,92,69,3,Department Transfer,Active,None,None,Employee Referral,2026-Q3
EMP01083,Engineering,Software Engineer,Leadership,Bengaluru,Full-time,2024-07-06,1-3 Years,25-34,Men,Standard,25L+,4981106.86,4,Not Promoted,Not Eligible,Yes,43,69,56,69,100,8,None,Active,None,None,Job Portal,2026-Q1
EMP01084,Finance,Financial Analyst,Senior,Mumbai,Full-time,2020-01-11,5-10 Years,55+,Women,Standard,10L-15L,1448060.6,4,Promoted,Eligible,No,35,90,88,79,83,5,Lateral Move,Active,None,None,Job Portal,2026-Q3
EMP01085,IT,IT Support Specialist,Mid-Level,Hyderabad,Full-time,2020-11-03,5-10 Years,55+,Prefer Not to Say,Not Collected,5L-10L,967579.94,4,Not Promoted,Eligible,No,27,77,78,68,82,7,Lateral Move,Active,None,None,Company Website,2026-Q1
EMP01086,HR,HR Analyst,Junior,Hyderabad,Full-time,2025-06-19,1-3 Years,35-44,Women,Standard,5L-10L,651180.64,4,Not Promoted,Eligible,No,41,71,40,90,89,3,Lateral Move,Active,None,None,Agency,2025-Q4
EMP01087,Operations,Operations Analyst,Manager,Kolkata,Full-time,2023-03-28,3-5 Years,18-24,Men,Standard,15L-25L,1848670.6,3,Not Promoted,Eligible,Yes,53,84,76,77,98,0,Department Transfer,Active,None,None,Company Website,2026-Q3
EMP01088,Marketing,Marketing Specialist,Senior Manager,Chennai,Full-time,2019-03-23,5-10 Years,35-44,Prefer Not to Say,Not Collected,25L+,2859161.24,4,Not Promoted,Eligible,Yes,19,83,86,76,89,4,Department Transfer,Active,None,None,Campus,2026-Q1
EMP01089,Marketing,Marketing Specialist,Mid-Level,Hyderabad,Full-time,2023-04-08,3-5 Years,18-24,Prefer Not to Say,Not Collected,5L-10L,899908.12,3,Not Promoted,Eligible,No,6,79,81,78,71,1,Department Transfer,Active,None,None,Company Website,2026-Q3
EMP01090,Sales,Sales Executive,Senior,Pune,Full-time,2020-07-13,5-10 Years,25-34,Women,Standard,10L-15L,1273111.44,4,Not Promoted,Eligible,No,23,82,82,90,92,7,Lateral Move,Active,None,None,Employee Referral,2025-Q4
EMP01091,Engineering,Software Engineer,Manager,Pune,Full-time,2024-07-05,1-3 Years,25-34,Men,Standard,15L-25L,2135251.3,4,Not Promoted,Eligible,Yes,26,86,82,99,60,6,Department Transfer,Active,None,None,Professional Network,2026-Q2
EMP01092,Customer Success,Customer Success Manager,Mid-Level,Chennai,Full-time,2022-06-14,3-5 Years,35-44,Women,Standard,5L-10L,976726.12,4,Not Promoted,Eligible,No,29,70,73,72,66,2,None,Active,None,None,Job Portal,2025-Q4
EMP01093,Customer Success,Customer Success Manager,Entry Level,Mumbai,Contract,2021-03-06,5-10 Years,25-34,Women,Standard,Below 5L,483805.9,4,Not Promoted,Not Eligible,No,45,86,86,84,80,5,Department Transfer,Active,None,None,Professional Network,2026-Q2
EMP01094,IT,IT Support Specialist,Junior,Pune,Contract,2019-08-25,5-10 Years,45-54,Non-binary,Standard,5L-10L,672113.84,5,Not Promoted,Eligible,No,38,78,80,79,77,3,Department Transfer,Active,None,None,Employee Referral,2026-Q3
EMP01095,Engineering,Software Engineer,Mid-Level,Pune,Full-time,2026-01-28,0-1 Years,25-34,Men,Standard,5L-10L,859808.18,3,Not Promoted,Not Eligible,No,20,73,77,79,69,1,None,Active,None,None,Professional Network,2026-Q1
EMP01096,HR,HR Analyst,Mid-Level,Chennai,Full-time,2026-08-21,0-1 Years,45-54,Women,Standard,5L-10L,969978.88,5,Not Promoted,Not Eligible,No,13,79,87,67,66,3,Lateral Move,Active,None,None,Company Website,2026-Q1
EMP01097,Engineering,Software Engineer,Mid-Level,Bengaluru,Full-time,2020-01-14,5-10 Years,25-34,Men,Standard,10L-15L,1054914.1,4,Not Promoted,Eligible,No,16,71,78,45,72,3,Department Transfer,Active,None,None,Company Website,2025-Q4
EMP01098,Finance,Financial Analyst,Manager,Kolkata,Full-time,2020-11-10,5-10 Years,25-34,Women,Standard,15L-25L,2031312.18,4,Not Promoted,Eligible,Yes,50,73,51,72,76,3,Promotion,Active,None,None,Company Website,2026-Q3
EMP01099,HR,HR Analyst,Entry Level,Kolkata,Full-time,2019-12-31,5-10 Years,35-44,Women,Standard,Below 5L,452905.24,3,Not Promoted,Not Eligible,No,11,94,97,73,86,5,None,Active,None,None,Campus,2026-Q1
EMP01100,HR,HR Analyst,Entry Level,Delhi NCR,Full-time,2023-06-19,3-5 Years,25-34,Non-binary,Standard,Below 5L,450042.56,4,Not Promoted,Not Eligible,No,47,76,81,74,63,6,Promotion,Exited,Voluntary,Relocation,Job Portal,2025-Q4
EMP01101,Sales,Sales Executive,Senior,Kolkata,Full-time,2024-11-20,1-3 Years,25-34,Women,Standard,10L-15L,1290634.44,5,Not Promoted,Eligible,No,8,85,76,88,89,5,Promotion,Active,None,None,Employee Referral,2026-Q1
EMP01102,Operations,Operations Analyst,Entry Level,Mumbai,Full-time,2020-07-04,5-10 Years,35-44,Men,Standard,Below 5L,481462.42,3,Not Promoted,Not Eligible,No,26,79,74,73,77,2,Lateral Move,Active,None,None,Company Website,2025-Q4
EMP01103,IT,IT Support Specialist,Junior,Delhi NCR,Full-time,2021-01-30,5-10 Years,25-34,Men,Standard,5L-10L,683978.74,3,Not Promoted,Eligible,No,48,69,71,63,81,3,Lateral Move,Active,None,None,Employee Referral,2026-Q2
EMP01104,Customer Success,Customer Success Manager,Entry Level,Chennai,Full-time,2026-01-11,0-1 Years,35-44,Men,Standard,Below 5L,414892.72,3,Not Promoted,Not Eligible,No,34,71,63,82,65,0,None,Active,None,None,Employee Referral,2025-Q4
EMP01105,HR,HR Analyst,Senior Manager,Bengaluru,Full-time,2023-03-28,3-5 Years,25-34,Men,Standard,25L+,2683377.82,2,Not Promoted,Eligible,Yes,44,81,98,61,91,2,None,Active,None,None,Company Website,2026-Q1
EMP01106,IT,IT Support Specialist,Mid-Level,Chennai,Full-time,2026-07-18,0-1 Years,25-34,Women,Standard,5L-10L,946903.98,3,Not Promoted,Not Eligible,No,36,76,78,83,69,1,None,Exited,Voluntary,Career Growth,Professional Network,2025-Q4
EMP01107,Sales,Sales Executive,Junior,Delhi NCR,Full-time,2024-11-09,1-3 Years,25-34,Women,Standard,5L-10L,581443.82,3,Not Promoted,Eligible,No,0,74,62,81,79,1,Department Transfer,Active,None,None,Campus,2026-Q3
EMP01108,IT,IT Support Specialist,Senior,Pune,Full-time,2025-10-11,0-1 Years,45-54,Men,Standard,15L-25L,1573192.52,3,Not Promoted,Not Eligible,No,31,76,77,76,72,2,Department Transfer,Active,None,None,Professional Network,2026-Q2
EMP01109,Operations,Operations Analyst,Senior,Delhi NCR,Full-time,2023-01-19,3-5 Years,35-44,Women,Standard,10L-15L,1261929.76,4,Not Promoted,Eligible,No,6,69,71,71,76,5,Department Transfer,Active,None,None,Campus,2026-Q2
EMP01110,Sales,Sales Executive,Junior,Guwahati,Full-time,2024-02-15,1-3 Years,45-54,Men,Standard,5L-10L,572445.14,4,Not Promoted,Eligible,No,42,74,74,83,85,4,Department Transfer,Active,None,None,Employee Referral,2025-Q4
EMP01111,Sales,Sales Executive,Entry Level,Hyderabad,Contract,2021-10-15,3-5 Years,55+,Men,Standard,5L-10L,510236.72,4,Not Promoted,Not Eligible,No,15,65,77,66,66,5,Promotion,Active,None,None,Professional Network,2026-Q3
EMP01112,Customer Success,Customer Success Manager,Junior,Delhi NCR,Full-time,2019-01-13,5-10 Years,35-44,Women,Standard,5L-10L,627206.58,5,Not Promoted,Eligible,No,6,71,78,70,69,5,Promotion,Exited,Voluntary,Career Growth,Professional Network,2026-Q2
EMP01113,IT,IT Support Specialist,Mid-Level,Delhi NCR,Full-time,2025-10-21,0-1 Years,35-44,Women,Standard,10L-15L,1060904.96,4,Not Promoted,Not Eligible,No,33,76,72,82,83,6,Department Transfer,Active,None,None,Company Website,2025-Q4
EMP01114,Operations,Operations Analyst,Mid-Level,Kolkata,Full-time,2024-05-04,1-3 Years,25-34,Women,Standard,5L-10L,906021.7,5,Not Promoted,Eligible,No,23,75,83,72,61,3,None,Active,None,None,Campus,2026-Q1
EMP01115,Marketing,Marketing Specialist,Senior,Guwahati,Full-time,2020-06-07,5-10 Years,55+,Women,Standard,10L-15L,1354661.24,3,Not Promoted,Eligible,No,0,91,100,81,67,2,None,Active,None,None,Professional Network,2026-Q3
EMP01116,Marketing,Marketing Specialist,Mid-Level,Chennai,Full-time,2020-04-18,5-10 Years,45-54,Women,Standard,10L-15L,1005846.16,4,Not Promoted,Eligible,No,33,80,76,69,91,3,Lateral Move,Active,None,None,Employee Referral,2025-Q4
EMP01117,Sales,Sales Executive,Mid-Level,Kolkata,Full-time,2019-04-30,5-10 Years,25-34,Women,Standard,5L-10L,956076.12,3,Not Promoted,Eligible,No,37,83,90,73,95,1,Promotion,Active,None,None,Campus,2026-Q1
EMP01118,HR,HR Analyst,Mid-Level,Chennai,Contract,2026-07-09,0-1 Years,18-24,Men,Standard,5L-10L,877340.62,2,Not Promoted,Not Eligible,No,7,87,77,79,93,7,None,Active,None,None,Company Website,2026-Q3
EMP01119,Sales,Sales Executive,Manager,Pune,Contract,2021-07-05,5-10 Years,25-34,Women,Standard,15L-25L,1819254.38,4,Not Promoted,Eligible,Yes,43,79,85,85,66,4,None,Active,None,None,Agency,2026-Q3
EMP01120,Customer Success,Customer Success Manager,Junior,Delhi NCR,Full-time,2021-07-04,5-10 Years,55+,Women,Standard,5L-10L,741716.14,4,Not Promoted,Eligible,No,27,72,71,73,77,1,Promotion,Active,None,None,Job Portal,2026-Q2
EMP01121,Finance,Financial Analyst,Entry Level,Bengaluru,Full-time,2025-06-04,1-3 Years,45-54,Men,Standard,5L-10L,560765.5,4,Not Promoted,Not Eligible,No,21,97,100,79,88,4,Promotion,Active,None,None,Campus,2026-Q3
EMP01122,Engineering,Software Engineer,Leadership,Hyderabad,Full-time,2019-09-11,5-10 Years,18-24,Women,Standard,25L+,4957917.5,4,Not Promoted,Not Eligible,Yes,33,83,83,83,73,1,Lateral Move,Active,None,None,Agency,2026-Q2
EMP01123,Operations,Operations Analyst,Manager,Mumbai,Full-time,2024-10-29,1-3 Years,25-34,Men,Standard,15L-25L,2127038.5,3,Not Promoted,Eligible,Yes,36,79,77,63,91,5,Lateral Move,Active,None,None,Job Portal,2026-Q3
EMP01124,Operations,Operations Analyst,Entry Level,Mumbai,Contract,2022-04-30,3-5 Years,45-54,Men,Standard,5L-10L,533116.92,3,Not Promoted,Not Eligible,No,40,69,44,77,88,4,Lateral Move,Active,None,None,Agency,2026-Q1
EMP01125,HR,HR Analyst,Manager,Mumbai,Full-time,2026-06-18,0-1 Years,25-34,Women,Standard,15L-25L,2064981.12,5,Not Promoted,Not Eligible,Yes,58,82,84,64,87,2,None,Active,None,None,Campus,2025-Q4
EMP01126,HR,HR Analyst,Entry Level,Chennai,Full-time,2026-01-28,0-1 Years,25-34,Women,Standard,Below 5L,397433.44,2,Not Promoted,Not Eligible,No,20,82,82,76,89,2,Lateral Move,Active,None,None,Professional Network,2026-Q3
EMP01127,Engineering,Software Engineer,Entry Level,Pune,Full-time,2020-09-17,5-10 Years,35-44,Women,Standard,Below 5L,447566.92,2,Not Promoted,Not Eligible,No,46,68,73,68,76,4,Lateral Move,Active,None,None,Employee Referral,2025-Q4
EMP01128,Marketing,Marketing Specialist,Mid-Level,Chennai,Contract,2023-05-24,3-5 Years,25-34,Men,Standard,5L-10L,922406,3,Not Promoted,Eligible,No,10,74,64,100,91,1,Lateral Move,Active,None,None,Company Website,2026-Q3
EMP01129,Operations,Operations Analyst,Entry Level,Kolkata,Full-time,2026-08-08,0-1 Years,25-34,Women,Standard,5L-10L,501384.36,4,Not Promoted,Not Eligible,No,40,70,79,81,72,3,Department Transfer,Active,None,None,Agency,2026-Q3
EMP01130,Sales,Sales Executive,Entry Level,Hyderabad,Full-time,2022-03-02,3-5 Years,25-34,Women,Standard,Below 5L,427557.66,3,Not Promoted,Not Eligible,No,38,66,80,62,77,5,Lateral Move,Active,None,None,Company Website,2026-Q3
EMP01131,Sales,Sales Executive,Junior,Mumbai,Part-time,2022-08-17,3-5 Years,25-34,Men,Standard,5L-10L,629467.46,4,Not Promoted,Eligible,No,51,60,64,53,61,0,None,Active,None,None,Professional Network,2026-Q2
EMP01132,IT,IT Support Specialist,Leadership,Mumbai,Full-time,2025-06-22,1-3 Years,25-34,Men,Standard,25L+,4659837.7,4,Not Promoted,Not Eligible,Yes,51,78,86,59,80,5,Lateral Move,Active,None,None,Agency,2026-Q2
EMP01133,Marketing,Marketing Specialist,Senior Manager,Delhi NCR,Full-time,2021-06-12,5-10 Years,25-34,Men,Standard,25L+,3073547.18,3,Not Promoted,Eligible,Yes,38,73,70,95,75,3,Lateral Move,Active,None,None,Job Portal,2026-Q2
EMP01134,Sales,Sales Executive,Manager,Mumbai,Full-time,2023-03-23,3-5 Years,18-24,Men,Standard,15L-25L,2319360.8,3,Not Promoted,Eligible,Yes,50,77,77,83,71,3,Department Transfer,Active,None,None,Employee Referral,2025-Q4
EMP01135,Sales,Sales Executive,Junior,Pune,Full-time,2024-04-24,1-3 Years,45-54,Women,Standard,5L-10L,747034.4,3,Not Promoted,Eligible,No,30,72,66,79,76,4,None,Active,None,None,Company Website,2026-Q2
EMP01136,Customer Success,Customer Success Manager,Junior,Mumbai,Full-time,2026-01-12,0-1 Years,35-44,Men,Standard,5L-10L,648981.12,3,Not Promoted,Not Eligible,No,28,85,84,80,78,3,Department Transfer,Active,None,None,Job Portal,2026-Q1
EMP01137,Customer Success,Customer Success Manager,Entry Level,Chennai,Full-time,2022-05-24,3-5 Years,55+,Men,Standard,5L-10L,537098.24,3,Not Promoted,Not Eligible,No,16,74,83,74,68,6,Lateral Move,Active,None,None,Agency,2025-Q4
EMP01138,IT,IT Support Specialist,Senior,Kolkata,Full-time,2022-02-01,3-5 Years,25-34,Men,Standard,10L-15L,1427588.78,4,Not Promoted,Eligible,No,35,82,77,93,87,2,Department Transfer,Active,None,None,Job Portal,2025-Q4
EMP01139,Sales,Sales Executive,Senior,Bengaluru,Full-time,2024-06-26,1-3 Years,25-34,Men,Standard,10L-15L,1166206.98,4,Not Promoted,Eligible,No,12,72,80,70,64,4,Lateral Move,Exited,Voluntary,Personal Reasons,Agency,2026-Q2
EMP01140,Sales,Sales Executive,Entry Level,Mumbai,Full-time,2023-04-22,3-5 Years,25-34,Men,Standard,Below 5L,476393.14,3,Not Promoted,Not Eligible,No,5,84,63,84,100,5,Department Transfer,Active,None,None,Professional Network,2026-Q3
EMP01141,HR,HR Analyst,Entry Level,Mumbai,Full-time,2020-02-12,5-10 Years,35-44,Men,Standard,Below 5L,430055.72,3,Not Promoted,Not Eligible,No,31,80,72,79,86,3,Promotion,Exited,Involuntary,Role Redundancy,Agency,2025-Q4
EMP01142,Customer Success,Customer Success Manager,Entry Level,Chennai,Contract,2019-09-19,5-10 Years,25-34,Men,Standard,5L-10L,546095.74,4,Not Promoted,Not Eligible,No,30,56,76,61,49,2,None,Active,None,None,Employee Referral,2025-Q4
EMP01143,Marketing,Marketing Specialist,Entry Level,Mumbai,Full-time,2019-01-22,5-10 Years,35-44,Women,Standard,Below 5L,494430.62,3,Not Promoted,Not Eligible,No,14,85,86,95,87,4,Department Transfer,Active,None,None,Job Portal,2025-Q4
EMP01144,Marketing,Marketing Specialist,Entry Level,Delhi NCR,Full-time,2026-04-27,0-1 Years,25-34,Women,Standard,Below 5L,381170.68,3,Not Promoted,Not Eligible,No,27,65,65,71,55,3,Lateral Move,Exited,Voluntary,Career Growth,Job Portal,2025-Q4
EMP01145,HR,HR Analyst,Entry Level,Pune,Full-time,2025-02-07,1-3 Years,35-44,Men,Standard,Below 5L,354000,3,Not Promoted,Not Eligible,No,0,67,74,73,47,4,Lateral Move,Active,None,None,Professional Network,2025-Q4
EMP01146,Finance,Financial Analyst,Mid-Level,Hyderabad,Part-time,2019-07-09,5-10 Years,45-54,Men,Standard,5L-10L,820658.14,4,Not Promoted,Eligible,No,29,69,79,74,60,6,Promotion,Active,None,None,Agency,2026-Q1
EMP01147,IT,IT Support Specialist,Mid-Level,Pune,Full-time,2024-11-10,1-3 Years,18-24,Women,Standard,5L-10L,927716,4,Not Promoted,Eligible,No,30,67,98,79,48,2,Promotion,Active,None,None,Company Website,2026-Q1
EMP01148,Sales,Sales Executive,Entry Level,Guwahati,Full-time,2021-08-29,5-10 Years,25-34,Men,Standard,5L-10L,502613.92,3,Not Promoted,Not Eligible,No,31,77,64,100,78,4,None,Active,None,None,Campus,2026-Q1
EMP01149,Marketing,Marketing Specialist,Senior Manager,Delhi NCR,Full-time,2025-08-20,1-3 Years,35-44,Men,Standard,25L+,3064412.8,3,Not Promoted,Eligible,Yes,36,88,78,71,100,4,Lateral Move,Active,None,None,Agency,2025-Q4
EMP01150,HR,HR Analyst,Senior Manager,Hyderabad,Full-time,2023-04-13,3-5 Years,25-34,Men,Standard,25L+,2736961.62,4,Not Promoted,Eligible,Yes,36,66,40,86,62,6,Lateral Move,Active,None,None,Job Portal,2026-Q2
EMP01151,Customer Success,Customer Success Manager,Junior,Mumbai,Full-time,2025-01-04,1-3 Years,25-34,Men,Standard,5L-10L,679794.46,4,Promoted,Eligible,No,34,69,80,72,77,1,Promotion,Active,None,None,Professional Network,2026-Q1
EMP01152,Operations,Operations Analyst,Entry Level,Mumbai,Full-time,2023-09-16,3-5 Years,35-44,Women,Standard,Below 5L,449039.56,4,Not Promoted,Not Eligible,No,29,74,84,85,85,3,Lateral Move,Active,None,None,Agency,2026-Q3
EMP01153,Engineering,Software Engineer,Mid-Level,Delhi NCR,Full-time,2019-11-14,5-10 Years,25-34,Women,Standard,5L-10L,949074,3,Not Promoted,Eligible,No,19,69,75,63,83,6,None,Active,None,None,Agency,2025-Q4
EMP01154,Operations,Operations Analyst,Senior,Bengaluru,Contract,2023-01-26,3-5 Years,25-34,Women,Standard,15L-25L,1545193.48,2,Not Promoted,Eligible,No,19,87,84,79,78,2,Promotion,Active,None,None,Employee Referral,2026-Q2
EMP01155,Engineering,Software Engineer,Entry Level,Bengaluru,Full-time,2023-03-25,3-5 Years,25-34,Women,Standard,Below 5L,423846.56,3,Not Promoted,Not Eligible,No,47,79,82,75,69,5,Lateral Move,Active,None,None,Job Portal,2025-Q4
EMP01156,Marketing,Marketing Specialist,Manager,Hyderabad,Full-time,2025-08-08,1-3 Years,35-44,Men,Standard,15L-25L,1944884.26,3,Not Promoted,Eligible,Yes,32,65,79,62,93,1,Department Transfer,Exited,Voluntary,Personal Reasons,Campus,2026-Q2
EMP01157,Sales,Sales Executive,Mid-Level,Guwahati,Full-time,2020-11-30,5-10 Years,55+,Men,Standard,10L-15L,1081783.88,5,Not Promoted,Eligible,No,33,67,79,74,45,4,Department Transfer,Active,None,None,Professional Network,2026-Q3
EMP01158,IT,IT Support Specialist,Junior,Mumbai,Full-time,2021-11-27,3-5 Years,25-34,Men,Standard,5L-10L,660159.26,4,Promoted,Eligible,No,43,76,80,80,73,5,Lateral Move,Active,None,None,Employee Referral,2026-Q3
EMP01159,HR,HR Analyst,Senior Manager,Guwahati,Full-time,2026-03-03,0-1 Years,25-34,Men,Standard,25L+,2912792.24,4,Not Promoted,Not Eligible,Yes,34,74,80,86,76,2,Promotion,Active,None,None,Employee Referral,2026-Q3
EMP01160,IT,IT Support Specialist,Senior,Mumbai,Full-time,2023-12-03,1-3 Years,35-44,Women,Standard,10L-15L,1421960.18,5,Not Promoted,Eligible,No,26,72,64,83,71,2,Department Transfer,Active,None,None,Campus,2026-Q3
EMP01161,Finance,Financial Analyst,Senior Manager,Hyderabad,Full-time,2026-02-16,0-1 Years,35-44,Prefer Not to Say,Not Collected,25L+,2725244.22,3,Not Promoted,Not Eligible,Yes,24,78,63,78,100,2,None,Active,None,None,Agency,2026-Q2
EMP01162,Sales,Sales Executive,Manager,Bengaluru,Full-time,2019-11-11,5-10 Years,25-34,Men,Standard,15L-25L,2035035.08,2,Not Promoted,Eligible,Yes,43,76,85,64,64,2,None,Active,None,None,Job Portal,2025-Q4
EMP01163,HR,HR Analyst,Junior,Chennai,Full-time,2019-02-13,5-10 Years,18-24,Men,Standard,5L-10L,698469.14,5,Not Promoted,Eligible,No,46,86,70,64,99,6,Department Transfer,Active,None,None,Professional Network,2026-Q1
EMP01164,IT,IT Support Specialist,Mid-Level,Chennai,Full-time,2024-10-10,1-3 Years,35-44,Men,Standard,5L-10L,866204.96,3,Not Promoted,Eligible,No,45,73,72,58,71,4,None,Active,None,None,Company Website,2026-Q1
EMP01165,Engineering,Software Engineer,Mid-Level,Kolkata,Full-time,2024-12-28,1-3 Years,25-34,Women,Standard,10L-15L,1102815.02,3,Not Promoted,Eligible,No,38,76,87,96,62,4,Lateral Move,Active,None,None,Professional Network,2025-Q4
EMP01166,IT,IT Support Specialist,Senior,Mumbai,Full-time,2026-07-25,0-1 Years,45-54,Men,Standard,10L-15L,1336923.48,3,Not Promoted,Not Eligible,No,52,97,98,73,100,2,Lateral Move,Active,None,None,Campus,2026-Q1
EMP01167,Operations,Operations Analyst,Mid-Level,Guwahati,Full-time,2023-09-28,3-5 Years,55+,Non-binary,Standard,10L-15L,1119123.8,4,Not Promoted,Eligible,No,34,66,64,71,72,2,Lateral Move,Active,None,None,Job Portal,2026-Q2
EMP01168,Finance,Financial Analyst,Entry Level,Bengaluru,Full-time,2022-04-03,3-5 Years,25-34,Women,Standard,5L-10L,507392.92,3,Not Promoted,Not Eligible,No,41,82,70,79,100,4,Promotion,Active,None,None,Campus,2026-Q1
EMP01169,Engineering,Software Engineer,Manager,Kolkata,Full-time,2021-06-09,5-10 Years,25-34,Women,Standard,15L-25L,1878496.28,4,Not Promoted,Eligible,Yes,35,73,61,55,84,6,None,Active,None,None,Company Website,2026-Q3
EMP01170,Engineering,Software Engineer,Mid-Level,Pune,Full-time,2019-01-25,5-10 Years,18-24,Prefer Not to Say,Not Collected,5L-10L,959505.2,3,Not Promoted,Eligible,No,24,72,64,66,79,4,Promotion,Active,None,None,Job Portal,2025-Q4
EMP01171,Operations,Operations Analyst,Junior,Mumbai,Full-time,2023-07-05,3-5 Years,18-24,Women,Standard,5L-10L,757898.66,4,Not Promoted,Eligible,No,14,85,93,75,93,3,None,Active,None,None,Employee Referral,2025-Q4
EMP01172,Marketing,Marketing Specialist,Junior,Kolkata,Part-time,2020-05-22,5-10 Years,35-44,Women,Standard,5L-10L,558060.94,4,Not Promoted,Eligible,No,48,71,69,65,89,5,None,Active,None,None,Professional Network,2026-Q2
EMP01173,Finance,Financial Analyst,Manager,Chennai,Full-time,2023-06-08,3-5 Years,35-44,Men,Standard,15L-25L,1864559.3,3,Not Promoted,Eligible,Yes,38,72,68,86,70,2,Promotion,Active,None,None,Employee Referral,2026-Q2
EMP01174,Sales,Sales Executive,Junior,Chennai,Full-time,2026-05-12,0-1 Years,35-44,Men,Standard,5L-10L,719509.72,3,Not Promoted,Not Eligible,No,34,73,57,75,71,4,Department Transfer,Active,None,None,Campus,2026-Q3
EMP01175,Engineering,Software Engineer,Senior,Pune,Full-time,2021-03-23,5-10 Years,35-44,Non-binary,Standard,15L-25L,1580074.28,4,Promoted,Eligible,No,28,78,89,77,65,3,Promotion,Exited,Voluntary,Manager Relationship,Campus,2025-Q4
EMP01176,Marketing,Marketing Specialist,Leadership,Delhi NCR,Full-time,2024-05-17,1-3 Years,25-34,Women,Standard,25L+,5126187.86,4,Not Promoted,Not Eligible,Yes,32,73,81,83,68,7,Promotion,Active,None,None,Agency,2026-Q3
EMP01177,Marketing,Marketing Specialist,Senior Manager,Pune,Full-time,2023-06-26,3-5 Years,35-44,Women,Standard,25L+,3140835.5,4,Not Promoted,Eligible,Yes,49,65,62,75,71,5,Department Transfer,Active,None,None,Job Portal,2025-Q4
EMP01178,Marketing,Marketing Specialist,Senior Manager,Mumbai,Full-time,2022-11-10,3-5 Years,35-44,Women,Standard,25L+,2684404.42,3,Not Promoted,Eligible,Yes,42,67,78,76,48,3,Lateral Move,Exited,Involuntary,Business Restructuring,Company Website,2025-Q4
EMP01179,Customer Success,Customer Success Manager,Senior,Chennai,Full-time,2022-03-31,3-5 Years,25-34,Men,Standard,15L-25L,1577455.86,4,Not Promoted,Eligible,No,41,73,69,90,68,1,None,Active,None,None,Employee Referral,2026-Q1
EMP01180,Marketing,Marketing Specialist,Entry Level,Delhi NCR,Part-time,2022-02-25,3-5 Years,25-34,Men,Standard,Below 5L,404292.78,2,Not Promoted,Not Eligible,No,31,69,60,62,85,4,None,Active,None,None,Professional Network,2026-Q1
EMP01181,Customer Success,Customer Success Manager,Leadership,Delhi NCR,Full-time,2024-04-25,1-3 Years,55+,Women,Standard,25L+,4766032.98,3,Not Promoted,Not Eligible,Yes,38,71,86,71,65,4,None,Active,None,None,Company Website,2026-Q1
EMP01182,Finance,Financial Analyst,Manager,Mumbai,Full-time,2021-07-28,5-10 Years,25-34,Women,Standard,15L-25L,2176591.42,4,Promoted,Eligible,Yes,20,79,78,73,86,1,Department Transfer,Exited,Involuntary,Role Redundancy,Agency,2025-Q4
EMP01183,Finance,Financial Analyst,Entry Level,Bengaluru,Full-time,2019-07-28,5-10 Years,18-24,Men,Standard,Below 5L,432870.02,3,Not Promoted,Not Eligible,No,41,83,72,92,85,4,Department Transfer,Active,None,None,Campus,2026-Q1
EMP01184,Finance,Financial Analyst,Senior,Pune,Full-time,2023-10-12,1-3 Years,35-44,Women,Standard,15L-25L,1530922.56,4,Not Promoted,Eligible,No,57,74,61,80,73,7,Department Transfer,Active,None,None,Campus,2025-Q4
EMP01185,HR,HR Analyst,Entry Level,Pune,Full-time,2022-02-23,3-5 Years,25-34,Men,Standard,5L-10L,519382.9,3,Not Promoted,Not Eligible,No,46,79,94,85,70,1,Promotion,Active,None,None,Employee Referral,2026-Q2
EMP01186,Engineering,Software Engineer,Junior,Mumbai,Full-time,2019-06-17,5-10 Years,35-44,Women,Standard,5L-10L,638557,4,Promoted,Eligible,No,28,98,92,88,94,3,Promotion,Active,None,None,Agency,2026-Q2
EMP01187,Sales,Sales Executive,Mid-Level,Kolkata,Full-time,2021-01-27,5-10 Years,18-24,Women,Standard,10L-15L,1007414.38,3,Not Promoted,Eligible,No,14,76,75,62,73,1,Department Transfer,Active,None,None,Campus,2025-Q4
EMP01188,Sales,Sales Executive,Senior,Guwahati,Full-time,2026-08-29,0-1 Years,25-34,Women,Standard,10L-15L,1416239.54,3,Not Promoted,Not Eligible,No,41,78,70,85,91,3,Lateral Move,Active,None,None,Professional Network,2026-Q2
EMP01189,Operations,Operations Analyst,Entry Level,Delhi NCR,Full-time,2026-04-17,0-1 Years,55+,Men,Standard,Below 5L,458146.8,3,Not Promoted,Not Eligible,No,9,73,85,67,43,1,Promotion,Active,None,None,Agency,2025-Q4
EMP01190,Sales,Sales Executive,Senior,Mumbai,Full-time,2026-01-22,0-1 Years,25-34,Women,Standard,10L-15L,1382174.12,4,Not Promoted,Not Eligible,No,15,77,58,96,83,4,None,Exited,Involuntary,Role Redundancy,Employee Referral,2026-Q3
EMP01191,Sales,Sales Executive,Senior,Bengaluru,Full-time,2025-02-16,1-3 Years,55+,Women,Standard,10L-15L,1267463.96,3,Not Promoted,Eligible,No,7,78,96,69,60,1,Promotion,Active,None,None,Employee Referral,2026-Q1
EMP01192,Engineering,Software Engineer,Entry Level,Mumbai,Contract,2021-02-24,5-10 Years,35-44,Women,Standard,5L-10L,523144.74,4,Not Promoted,Not Eligible,No,35,76,77,84,69,5,Department Transfer,Active,None,None,Campus,2026-Q2
EMP01193,Operations,Operations Analyst,Entry Level,Chennai,Full-time,2026-01-23,0-1 Years,25-34,Women,Standard,Below 5L,490863.48,4,Not Promoted,Not Eligible,No,49,70,84,58,60,3,None,Active,None,None,Job Portal,2026-Q3
EMP01194,Customer Success,Customer Success Manager,Senior,Guwahati,Full-time,2020-11-14,5-10 Years,25-34,Men,Standard,10L-15L,1459986.86,4,Not Promoted,Eligible,No,34,58,67,59,73,6,Lateral Move,Active,None,None,Company Website,2025-Q4
EMP01195,Finance,Financial Analyst,Mid-Level,Kolkata,Full-time,2024-07-20,1-3 Years,25-34,Women,Standard,5L-10L,963960.88,2,Not Promoted,Eligible,No,22,83,86,94,67,0,None,Active,None,None,Company Website,2026-Q3
EMP01196,Customer Success,Customer Success Manager,Senior,Kolkata,Full-time,2025-10-23,0-1 Years,45-54,Men,Standard,10L-15L,1416623.04,3,Not Promoted,Not Eligible,No,47,72,71,65,76,5,Promotion,Active,None,None,Job Portal,2026-Q1
EMP01197,Finance,Financial Analyst,Entry Level,Guwahati,Contract,2024-10-01,1-3 Years,45-54,Non-binary,Standard,5L-10L,506411.16,4,Not Promoted,Not Eligible,No,15,75,79,78,76,3,Department Transfer,Active,None,None,Professional Network,2026-Q2
EMP01198,HR,HR Analyst,Entry Level,Delhi NCR,Full-time,2022-04-28,3-5 Years,18-24,Men,Standard,Below 5L,466100,4,Not Promoted,Not Eligible,No,46,74,60,93,85,3,Promotion,Active,None,None,Employee Referral,2026-Q1
EMP01199,Engineering,Software Engineer,Junior,Delhi NCR,Full-time,2022-04-10,3-5 Years,25-34,Men,Standard,5L-10L,787071.8,3,Promoted,Eligible,No,19,70,73,94,57,2,Lateral Move,Active,None,None,Campus,2026-Q1
EMP01200,HR,HR Analyst,Mid-Level,Guwahati,Full-time,2026-03-16,0-1 Years,25-34,Women,Standard,5L-10L,951535.48,5,Not Promoted,Not Eligible,No,11,60,78,50,53,8,Lateral Move,Active,None,None,Employee Referral,2025-Q4